Account Code,Class,Weight  (oz.),Pieces,Total Cost
8393,NOCLASS,0,0,0
8393,NOCLASS,4,0,0
8393,NOCLASS,16,0,0
8393,1CA5DFlt,1,0,0
8393,1CA5DFlt,2,0,0
8393,1CA5DFlt,3,0,0
8393,1CA5DFlt,4,4,7.12
8393,1CA5DFlt,5,0,0
8393,1CA5DFlt,6,0,0
8393,1CA5DFlt,7,0,0
8393,1CA5DFlt,8,0,0
8393,1CA5DFlt,9,0,0
8393,1CA5DFlt,10,0,0
8393,1ClFlat,1,0,0
8393,1ClFlat,2,1,1.9
8393,1ClFlat,3,2,4.34
8393,1ClFlat,4,1,2.44
8393,1ClFlat,5,0,0
8393,1ClFlat,6,0,0
8393,1ClFlat,7,0,0
8393,1ClFlat,8,1,3.56
8393,1ClFlat,9,1,3.84
8393,1ClFlat,10,0,0
8393,1ClFlat,11,0,0
8393,1ClFlat,12,0,0
8393,1ClFlat,13,0,0
8393,1CMAADCL,1,321,215.712
8393,1CMAADCL,2,0,0
8393,1CMAADCL,3,0,0
8393,1CNAPres,1,0,0
8393,1CSPiece,1,13,67.82
8393,1CSPiece,2,0,0
8393,1CSPiece,3,0,0
8393,1CSPiece,3,0,0
8393,1stClNMLtr,1,0,0
8393,1stClNMLtr,2,0,0
8393,OtherCls,1120,0,0
8393,PkgSRetG,32,0,0
8393,PkgSRetG,80,0,0
8393,Priority,32,0,0
8393,Priority,48,0,0
0001,NOCLASS,0,0,0
5130,NOCLASS,0,0,0
5129,NOCLASS,0,0,0
5129,1CA5DFlt,3,0,0
5129,1CA5DFlt,4,0,0
5129,1CA5DFlt,5,0,0
5129,1ClFlat,3,0,0
5129,1ClFlat,5,0,0
5129,1CMAADCL,3,0,0
5129,1CNAPres,1,0,0
0011,NOCLASS,0,0,0
0486,NOCLASS,0,0,0
5120,NOCLASS,0,0,0
5235,NOCLASS,0,0,0
5235,1CA5DFlt,4,0,0
5235,1CA5DFlt,9,0,0
5235,1ClFlat,9,0,0
5235,Int1stLt,1,0,0
0383,NOCLASS,0,0,0
0383,1CA5DFlt,2,0,0
0383,1CA5DFlt,3,0,0
0383,1CA5DFlt,4,1,1.78
0383,1CA5DFlt,5,0,0
0383,1CA5DFlt,6,1,2.34
0383,1CA5DFlt,7,0,0
0383,1CA5DFlt,8,0,0
0383,1CA5DFlt,9,0,0
0383,1CA5DFlt,10,0,0
0383,1ClFlat,3,0,0
0383,1ClFlat,4,0,0
0383,1ClFlat,5,0,0
0383,1ClFlat,6,0,0
0383,1ClFlat,8,0,0
0383,1CMAADCL,0,0,0
0383,1CMAADCL,1,210,141.12
0383,1CNAPres,1,0,0
0383,1CNAPres,2,102,69.972
0383,1CSPiece,1,0,0
0383,OtherCls,1120,0,0
0088,NOCLASS,0,0,0
0088,1CA5DFlt,1,0,0
0088,1CA5DFlt,2,0,0
0088,1CA5DFlt,3,0,0
0088,1CA5DFlt,4,0,0
0088,1CA5DFlt,5,0,0
0088,1CA5DFlt,6,0,0
0088,1CA5DFlt,7,0,0
0088,1CA5DFlt,8,0,0
0088,1CA5DFlt,9,0,0
0088,1CA5DFlt,11,0,0
0088,1ClFlat,1,0,0
0088,1ClFlat,2,0,0
0088,1ClFlat,3,0,0
0088,1ClFlat,4,0,0
0088,1ClFlat,5,0,0
0088,1ClFlat,6,0,0
0088,1ClFlat,7,0,0
0088,1ClFlat,8,0,0
0088,1ClFlat,9,0,0
0088,1ClFlat,10,0,0
0088,1ClFlat,11,0,0
0088,1ClFlat,12,0,0
0088,1ClFlat,13,0,0
0088,1CMAADCL,1,0,0
0088,1CMAADCL,2,0,0
0088,1CSPiece,1,0,0
0088,1CSPiece,2,0,0
0088,1CSPiece,3,0,0
0088,Int1stLt,1,0,0
0088,OtherCls,1120,0,0
0086,NOCLASS,0,2067,0
0440,NOCLASS,0,0,0
5179,NOCLASS,0,0,0
5179,1ClFlat,1,0,0
5179,1ClFlat,4,0,0
5179,1CMAADCL,1,1,0.672
5179,1CMAADCL,2,0,0
5179,1CSPiece,1,0,0
5179,1CSPiece,2,0,0
5237,NOCLASS,0,0,0
5747,NOCLASS,0,0,0
5239,1ClFlat,4,0,0
5239,1CNAPres,1,0,0
5239,1CSPiece,1,2,1.35
5239,Int1stFl,15,0,0
5239,Int1stS,7,0,0
5239,Int1stS,12,0,0
5239,Int1stS,20,0,0
5239,Int1stS,28,0,0
5239,Int1stS,36,0,0
5239,Int1stS,44,0,0
5239,Int1stS,60,0,0
5239,OtherCls,1120,0,0
5239,PkgSLiSP,16,0,0
5239,PkgSLiSP,32,0,0
5239,PkgSLiSP,48,0,0
5239,PkgSLiSP,64,0,0
5239,PkgSLiSP,80,0,0
5239,PkgSLiSP,112,0,0
0111,NOCLASS,0,0,0
0174,NOCLASS,0,0,0
5240,1ClFlat,2,0,0
5240,1ClFlat,3,0,0
5240,1ClFlat,5,0,0
5240,1CSPiece,1,0,0
0703,NOCLASS,0,0,0
0703,1CSPiece,1,0,0
0703,OtherCls,1120,0,0
0387,1CSPiece,1,0,0
0387,1CSPiece,2,0,0
0387,OtherCls,1120,0,0
5182,OtherCls,1120,0,0
5175,1CAAADCL,1,0,0
5175,1CAAADCL,2,0,0
5175,1CAAADCL,3,0,0
5175,1ClFlat,1,0,0
5175,1ClFlat,2,0,0
5175,1ClFlat,3,1,2.17
5175,1ClFlat,4,0,0
5175,1ClFlat,5,0,0
5175,1CMAADCL,1,191,128.352
5175,1CNAPres,1,0,0
5175,1CSPiece,1,0,0
5175,1CSPiece,2,0,0
5175,1CSPiece,3,0,0
5175,Int1stLt,1,0,0
5175,OtherCls,1120,0,0
5021,1ClFlat,2,0,0
5017,NOCLASS,16,0,0
5017,1CA5DFlt,1,0,0
5017,1CA5DFlt,2,0,0
5017,1CA5DFlt,3,0,0
5017,1CA5DFlt,4,0,0
5017,1CA5DFlt,5,0,0
5017,1CA5DFlt,6,0,0
5017,1CA5DFlt,7,0,0
5017,1CA5DFlt,8,0,0
5017,1CA5DFlt,9,0,0
5017,1CA5DFlt,10,0,0
5017,1ClFlat,3,0,0
5017,1ClFlat,5,0,0
5017,1ClFlat,6,0,0
5017,1ClFlat,7,0,0
5006,NOCLASS,0,0,0
5006,NOCLASS,4,0,0
5006,NOCLASS,12,0,0
5006,NOCLASS,16,0,0
5006,1ClFlat,1,0,0
5006,1ClFlat,2,1,1.9
5006,1ClFlat,3,0,0
5006,1ClFlat,4,7,17.08
5006,1ClFlat,5,0,0
5006,1ClFlat,6,2,6
5006,1ClFlat,7,0,0
5006,1ClFlat,8,0,0
5006,1ClFlat,9,0,0
5006,1ClFlat,10,0,0
5006,1ClFlat,11,0,0
5006,1ClFlat,12,0,0
5006,1CNAPres,1,548,375.928
5006,1CNAPres,2,0,0
5006,1CSPiece,1,2,20.88
5006,1CSPiece,2,0,0
5006,1CSPiece,3,0,0
5006,1CSPiece,3,0,0
5006,OtherCls,1120,0,0
5006,PkgSRetG,32,0,0
5165,NOCLASS,0,0,0
5165,1CAAADCL,1,1248,799.968
5165,1CSPiece,1,0,0
5350,NOCLASS,0,0,0
5350,NOCLASS,4,2,15.25
5350,NOCLASS,16,0,0
5350,1ClFlat,1,0,0
5350,1ClFlat,2,0,0
5350,1ClFlat,3,0,0
5350,1ClFlat,4,0,0
5350,1ClFlat,5,0,0
5350,1ClFlat,6,0,0
5350,1ClFlat,7,0,0
5350,1ClFlat,8,0,0
5350,1ClFlat,10,0,0
5350,1CNAPres,1,102,69.972
5350,1CNAPres,2,0,0
5350,1CSPiece,1,2,20.88
5350,1CSPiece,2,0,0
5350,1CSPiece,3,0,0
5350,1stClNMLtr,1,0,0
5350,OtherCls,1120,0,0
5350,PkgSRetG,48,0,0
5350,Priority,16,0,0
5352,NOCLASS,0,0,0
5352,NOCLASS,4,0,0
5352,1CA5DFlt,2,0,0
5352,1CA5DFlt,3,0,0
5352,1CA5DFlt,4,0,0
5352,1CA5DFlt,5,0,0
5352,1CA5DFlt,6,0,0
5352,1CA5DFlt,7,0,0
5352,1ClFlat,1,1,1.63
5352,1ClFlat,2,2,3.8
5352,1ClFlat,3,0,0
5352,1ClFlat,4,0,0
5352,1ClFlat,5,1,2.72
5352,1ClFlat,6,0,0
5352,1ClFlat,7,0,0
5352,1ClFlat,8,0,0
5352,1ClFlat,9,0,0
5352,1ClFlat,10,0,0
5352,1ClFlat,11,0,0
5352,1ClFlat,12,0,0
5352,1CNAPres,1,1082,742.252
5352,1CNAPres,2,1,0.686
5352,1CNAPres,3,0,0
5352,1CSPiece,1,0,0
5352,1CSPiece,2,0,0
5352,1CSPiece,3,0,0
5352,1CSPiece,3,0,0
5352,1stClNMLtr,2,0,0
5352,OtherCls,1120,0,0
5352,PkgSRetG,32,0,0
5352,Priority,32,2,42.8
5356,1ClFlat,9,0,0
5356,1CNAPres,1,0,0
5356,1CNAPres,2,0,0
5356,1stClNMLtr,2,0,0
5356,PkgSRetG,32,0,0
5357,1CSPiece,1,0,0
5359,1ClFlat,4,0,0
5359,1CNAPres,1,0,0
5364,1ClFlat,2,0,0
5364,1ClFlat,4,0,0
5364,1CNAPres,1,0,0
5364,1CSPiece,1,0,0
5365,1CNAPres,1,0,0
5366,1CNAPres,1,0,0
5374,1CNAPres,1,0,0
5375,1ClFlat,6,0,0
5375,1ClFlat,7,0,0
5375,1ClFlat,8,0,0
5375,1CNAPres,1,0,0
5375,1CNAPres,2,0,0
5376,1CNAPres,1,0,0
5377,1ClFlat,8,0,0
5377,1CNAPres,1,0,0
5377,1CNAPres,2,0,0
5377,1CSPiece,1,0,0
5378,NOCLASS,4,1,7.3
5378,1ClFlat,2,0,0
5378,1ClFlat,3,0,0
5378,1ClFlat,4,0,0
5378,1ClFlat,5,0,0
5378,1CNAPres,1,250,171.5
5378,1CNAPres,2,45,30.87
5378,1CSPiece,1,0,0
5378,1CSPiece,2,0,0
5378,OtherCls,1120,0,0
5381,1CNAPres,1,0,0
5385,1CA5DFlt,2,0,0
5385,1CA5DFlt,3,0,0
5385,1CA5DFlt,4,0,0
5385,1CA5DFlt,5,0,0
5385,1CA5DFlt,6,0,0
5385,1CA5DFlt,7,0,0
5385,1CA5DFlt,8,0,0
5385,1CA5DFlt,9,0,0
5385,1CA5DFlt,10,0,0
5385,1CA5DFlt,11,0,0
5385,1CAAADCL,1,0,0
5385,1ClFlat,2,0,0
5385,1ClFlat,10,0,0
5385,1ClFlat,11,0,0
5385,1ClFlat,12,0,0
5385,1ClFlat,13,0,0
5386,1ClFlat,1,0,0
5386,1ClFlat,2,0,0
5386,1ClFlat,3,0,0
5386,1ClFlat,4,0,0
5386,1ClFlat,5,0,0
5386,1ClFlat,6,0,0
5386,1ClFlat,9,0,0
5386,1ClFlat,10,0,0
5386,1CNAPres,1,0,0
5386,1CNAPres,2,0,0
5386,1CSPiece,1,0,0
5387,1CNAPres,1,0,0
5387,1CSPiece,1,0,0
5387,1CSPiece,2,0,0
5387,PkgSRetG,32,0,0
5388,1ClFlat,7,0,0
5388,1CNAPres,1,0,0
5388,1CNAPres,2,0,0
5388,1CSPiece,1,0,0
5388,1CSPiece,2,0,0
5389,NOCLASS,0,0,0
5389,NOCLASS,16,0,0
5389,1ClFlat,2,1,1.9
5389,1ClFlat,3,0,0
5389,1ClFlat,4,0,0
5389,1ClFlat,5,0,0
5389,1ClFlat,7,0,0
5389,1ClFlat,8,0,0
5389,1ClFlat,9,0,0
5389,1CNAPres,1,58,39.788
5389,1CSPiece,1,0,0
5389,OtherCls,1120,0,0
5389,PkgSRetG,32,0,0
5389,PkgSRetG,48,0,0
5390,1CNAPres,1,0,0
5390,1CNAPres,0,0,0
0730,NOCLASS,0,0,0
0730,NOCLASS,16,0,0
0730,1CA5DFlt,3,0,0
0730,1CA5DFlt,4,0,0
0730,1ClFlat,1,0,0
0730,1ClFlat,2,0,0
0730,1ClFlat,3,0,0
0730,1ClFlat,4,0,0
0730,1ClFlat,6,0,0
0730,1ClFlat,7,0,0
0730,1ClFlat,8,0,0
0730,1CMAADCL,0,0,0
0730,1CMAADCL,1,0,0
0730,1CMAADCL,2,0,0
0730,1CSPiece,1,0,0
0730,1CSPiece,2,0,0
0730,1CSPiece,3,0,0
0730,Int1stLt,1,0,0
0730,OtherCls,1120,0,0
0730,PkgSRetG,32,0,0
5349,1CA5DFlt,2,0,0
5349,1CA5DFlt,3,0,0
5349,1CA5DFlt,4,0,0
5349,1CA5DFlt,7,0,0
5349,1ClFlat,3,0,0
5349,1CMAADCL,1,0,0
5349,1CMAADCL,2,0,0
5473,1CMAADCL,1,0,0
5476,NOCLASS,0,9,0
5476,1ClFlat,1,0,0
5476,1ClFlat,3,0,0
5476,1ClFlat,4,0,0
5476,1CMAADCL,1,39,26.208
5476,1CSPiece,1,0,0
5476,1CSPiece,3,0,0
5479,1CSPiece,1,0,0
5483,1ClFlat,1,0,0
5483,1ClFlat,2,2,3.8
5483,1ClFlat,3,1,2.17
5483,1ClFlat,4,0,0
5483,1ClFlat,5,0,0
5483,1ClFlat,6,0,0
5483,1ClFlat,7,0,0
5483,1ClFlat,8,1,3.56
5483,1ClFlat,10,0,0
5483,1ClFlat,11,0,0
5483,1ClFlat,12,1,4.74
5483,1CMAADCL,1,1,0.672
5483,1CSPiece,1,0,0
5393,NOCLASS,0,0,0
5393,NOCLASS,4,0,0
5393,NOCLASS,16,0,0
5393,1ClFlat,1,2,3.26
5393,1ClFlat,2,3,5.7
5393,1ClFlat,3,7,15.19
5393,1ClFlat,4,4,9.76
5393,1ClFlat,5,7,19.04
5393,1ClFlat,6,1,3
5393,1ClFlat,7,0,0
5393,1ClFlat,8,0,0
5393,1ClFlat,9,0,0
5393,1ClFlat,10,0,0
5393,1ClFlat,11,0,0
5393,1ClFlat,12,0,0
5393,1ClFlat,13,0,0
5393,1CNAPres,1,31,21.266
5393,1CNAPres,2,0,0
5393,1CNAPres,3,0,0
5393,1CSPiece,1,0,0
5393,1CSPiece,2,0,0
5393,1CSPiece,3,0,0
5393,1CSPiece,3,0,0
5393,1stClNMLtr,2,0,0
5393,OtherCls,1120,0,0
5393,PkgSRetG,32,0,0
5393,PkgSRetG,48,0,0
5393,Priority,32,0,0
5346,NOCLASS,0,0,0
5346,1CA5DFlt,3,0,0
5346,1CA5DFlt,4,0,0
5346,1ClFlat,4,0,0
5346,1ClFlat,5,0,0
5346,Int1stLt,1,0,0
0756,1ClFlat,2,0,0
0756,1CSPiece,1,0,0
0756,OtherCls,1120,0,0
5453,1CMAADCL,1,0,0
5453,1CSPiece,1,0,0
5455,1ClFlat,3,0,0
5455,1ClFlat,4,0,0
5455,1CMAADCL,1,1,0.672
5455,1CMAADCL,2,0,0
5455,1CSPiece,1,0,0
5456,1CMAADCL,1,0,0
5456,1CSPiece,1,0,0
5458,1CMAADCL,1,0,0
5458,1CSPiece,1,0,0
5460,1ClFlat,3,0,0
5468,1CNAPres,1,0,0
4500,1ClFlat,1,2,12.96
4500,1ClFlat,2,0,0
4500,1ClFlat,3,0,0
4500,1ClFlat,4,0,0
4500,1ClFlat,6,1,3
4500,1ClFlat,8,0,0
4500,1ClFlat,9,0,0
4500,1CMAADCL,1,0,0
4500,1CMAADCL,2,0,0
4500,1CNAPres,1,0,0
4500,1CSPiece,1,0,0
4500,1CSPiece,2,0,0
4503,1CSPiece,1,0,0
4504,1CMAADCL,1,0,0
4504,1CSPiece,1,0,0
4504,1CSPiece,2,0,0
4504,OtherCls,1120,0,0
4507,1CMAADCL,1,0,0
4511,1ClFlat,1,0,0
4511,1CMAADCL,1,0,0
4511,1CSPiece,1,0,0
4512,1ClFlat,6,0,0
4513,1ClFlat,3,0,0
4514,1ClFlat,2,0,0
4514,1ClFlat,6,0,0
4514,1ClFlat,8,0,0
4514,1ClFlat,10,0,0
4514,1CMAADCL,1,3,2.016
4514,1CMAADCL,2,0,0
4514,1CMAADCL,3,0,0
4514,1CSPiece,1,0,0
4514,1CSPiece,2,0,0
4514,1CSPiece,3,0,0
4514,Int1stLt,1,0,0
4514,OtherCls,1120,0,0
4515,1ClFlat,4,0,0
4515,1CMAADCL,1,0,0
4516,1ClFlat,2,0,0
4516,1ClFlat,3,2,4.34
4516,1ClFlat,4,0,0
4516,1ClFlat,12,0,0
4516,1CMAADCL,1,1,0.672
4516,1CMAADCL,2,0,0
4516,1CSPiece,1,0,0
4516,1CSPiece,2,0,0
4516,OtherCls,1120,0,0
4517,1CA5DFlt,2,0,0
4517,1ClFlat,2,0,0
4517,1ClFlat,3,0,0
4517,1ClFlat,4,0,0
4517,1CMAADCL,1,0,0
4517,1CMAADCL,2,2,1.344
4517,1CMAADCL,3,2,1.344
4517,1CSPiece,1,0,0
4517,1CSPiece,2,0,0
4517,1CSPiece,3,0,0
4519,1ClFlat,2,0,0
4519,1CMAADCL,1,0,0
4523,1CA5DFlt,3,0,0
4523,1CA5DFlt,4,0,0
4523,1ClFlat,2,0,0
4523,1ClFlat,3,5,10.85
4523,1ClFlat,4,2,4.88
4523,1ClFlat,5,0,0
4523,1ClFlat,6,0,0
4523,1ClFlat,7,0,0
4523,1ClFlat,8,0,0
4523,1ClFlat,9,0,0
4523,1ClFlat,10,0,0
4523,1ClFlat,11,0,0
4523,1ClFlat,12,0,0
4523,1ClFlat,13,0,0
4523,1CMAADCL,1,14,9.408
4523,1CMAADCL,2,0,0
4523,1CSPiece,1,0,0
4523,1CSPiece,2,0,0
4523,OtherCls,1120,0,0
4523,Priority,16,0,0
4523,Priority,32,0,0
4524,1ClFlat,2,0,0
4524,1ClFlat,3,0,0
4524,1ClFlat,4,0,0
4524,1ClFlat,5,0,0
4524,1ClFlat,6,0,0
4524,1ClFlat,7,0,0
4524,1ClFlat,8,0,0
4524,1ClFlat,9,0,0
4524,1ClFlat,10,0,0
4524,1ClFlat,12,0,0
4524,1ClFlat,13,0,0
4524,1CMAADCL,1,8,5.376
4524,1CMAADCL,2,0,0
4524,1CSPiece,1,0,0
4524,OtherCls,1120,0,0
4525,1CMAADCL,1,0,0
4525,1CMAADCL,2,0,0
4525,1CSPiece,1,0,0
4526,1CMAADCL,1,0,0
4527,1ClFlat,2,0,0
4527,1CMAADCL,1,0,0
4527,1CMAADCL,2,0,0
4527,1CSPiece,1,0,0
4527,OtherCls,1120,0,0
4530,1CA5DFlt,4,0,0
4530,1CA5DFlt,5,0,0
4530,1ClFlat,2,0,0
4530,1ClFlat,3,0,0
4530,1ClFlat,4,0,0
4530,1CMAADCL,1,4,2.688
4530,1CSPiece,1,0,0
4530,1stClNMLtr,1,0,0
4530,Int1stFl,3,0,0
4532,1ClFlat,1,0,0
4532,1ClFlat,2,0,0
4532,1ClFlat,3,0,0
4532,1ClFlat,8,0,0
4532,1CMAADCL,1,0,0
4533,1ClFlat,3,0,0
4533,1CMAADCL,1,0,0
4533,1CSPiece,1,0,0
4539,1ClFlat,2,0,0
4539,1ClFlat,3,0,0
4539,1ClFlat,4,1,2.44
4539,1ClFlat,5,0,0
4539,1ClFlat,6,0,0
4539,1CMAADCL,1,0,0
4539,1CSPiece,1,0,0
4539,1CSPiece,2,0,0
4539,OtherCls,1120,0,0
4558,NOCLASS,4,0,0
4558,1ClFlat,1,0,0
4558,1ClFlat,2,0,0
4558,1ClFlat,4,0,0
4558,1ClFlat,5,0,0
4558,1ClFlat,7,0,0
4558,1CMAADCL,1,19,12.768
4558,1CMAADCL,2,1,0.672
4558,1CMAADCL,3,0,0
4558,1CSPiece,1,0,0
4558,1CSPiece,2,0,0
4560,1ClFlat,5,0,0
4560,1ClFlat,8,0,0
4560,1CMAADCL,1,0,0
4560,1CMAADCL,2,0,0
4565,1ClFlat,2,1,1.9
4565,1ClFlat,3,0,0
4565,1ClFlat,5,0,0
4565,1CMAADCL,1,0,0
4565,1CMAADCL,2,0,0
4565,1CSPiece,1,0,0
4565,1CSPiece,2,0,0
4565,OtherCls,1120,0,0
4565,Priority,16,0,0
4567,1CA5DFlt,1,0,0
4567,1CA5DFlt,2,0,0
4567,1CA5DFlt,3,3,4.53
4567,1CA5DFlt,5,0,0
4567,1ClFlat,2,0,0
4567,1ClFlat,3,0,0
4567,1ClFlat,4,1,2.44
4567,1ClFlat,5,0,0
4567,1ClFlat,6,0,0
4567,1ClFlat,7,0,0
4567,1CMAADCL,1,19,12.768
4567,1CMAADCL,2,0,0
4567,1CMAADCL,3,0,0
4567,1CSPiece,1,0,0
4567,1CSPiece,2,0,0
4567,OtherCls,1120,3,1.98
4567,Priority,16,0,0
4582,1ClFlat,2,0,0
4582,1ClFlat,3,0,0
4582,1ClFlat,8,0,0
4582,1ClFlat,9,1,3.84
4582,1ClFlat,10,0,0
4582,1ClFlat,11,0,0
4582,1ClFlat,12,0,0
4582,1ClFlat,13,0,0
4582,1CMAADCL,1,0,0
4582,1CMAADCL,2,0,0
4582,1CSPiece,1,0,0
4582,1CSPiece,2,0,0
4590,NOCLASS,0,0,0
4590,1CA5DFlt,1,0,0
4590,1CA5DFlt,2,0,0
4590,1CA5DFlt,3,0,0
4590,1CA5DFlt,4,0,0
4590,1CA5DFlt,5,0,0
4590,1CA5DFlt,6,0,0
4590,1CA5DFlt,7,0,0
4590,1CA5DFlt,8,0,0
4590,1ClFlat,1,0,0
4590,1ClFlat,2,0,0
4590,1ClFlat,3,0,0
4590,1ClFlat,4,0,0
4590,1ClFlat,5,0,0
4590,1ClFlat,11,0,0
4590,1CMAADCL,1,1,0.672
4590,1CMAADCL,2,0,0
4590,1CSPiece,1,0,0
4590,1CSPiece,2,0,0
4590,Priority,240,0,0
4591,1CA5DFlt,2,0,0
4591,1ClFlat,2,0,0
4591,1ClFlat,3,0,0
4591,1ClFlat,4,0,0
4591,1ClFlat,5,0,0
4591,1CMAADCL,1,0,0
4591,1CSPiece,1,0,0
4606,NOCLASS,0,0,0
4606,1CMAADCL,1,3,2.016
4606,1CMAADCL,2,0,0
4606,1CSPiece,1,0,0
4606,1CSPiece,2,0,0
4626,1ClFlat,2,0,0
4626,1CMAADCL,1,0,0
4629,1CMAADCL,1,0,0
4629,1CMAADCL,2,0,0
4629,1CSPiece,3,0,0
0729,1ClFlat,13,0,0
0729,1CNAPres,1,36,24.696
0729,1CNAPres,2,0,0
0729,1CSPiece,1,0,0
0729,OtherCls,1120,0,0
4641,1CA5DFlt,2,0,0
4641,1CA5DFlt,3,0,0
4641,1CA5DFlt,4,0,0
4641,1CA5DFlt,5,0,0
4641,1ClFlat,2,0,0
4641,1ClFlat,3,0,0
4641,1ClFlat,4,0,0
4641,1ClFlat,5,0,0
4641,1ClFlat,7,0,0
4641,1ClFlat,10,0,0
4641,1CMAADCL,1,0,0
4641,1CMAADCL,2,0,0
4641,1CSPiece,1,0,0
4647,1CMAADCL,1,0,0
4647,1CSPiece,2,0,0
4649,1CA5DFlt,1,0,0
4649,1CA5DFlt,2,0,0
4649,1CA5DFlt,3,0,0
4649,1CA5DFlt,4,0,0
4649,1ClFlat,1,4,6.52
4649,1ClFlat,2,1,1.9
4649,1ClFlat,3,0,0
4649,1ClFlat,4,0,0
4649,1ClFlat,6,0,0
4649,1CMAADCL,1,0,0
4649,1CMAADCL,2,0,0
4649,1CSPiece,2,0,0
4649,Int1stFl,1,0,0
4649,Int1stFl,2,0,0
4649,Int1stFl,3,0,0
4651,1ClFlat,2,0,0
4651,1ClFlat,3,0,0
4651,1ClFlat,4,0,0
4651,1CMAADCL,1,0,0
4651,1CSPiece,1,0,0
4651,1CSPiece,2,0,0
4655,1CMAADCL,1,0,0
4655,1CSPiece,1,0,0
4659,1ClFlat,1,0,0
4659,1ClFlat,2,0,0
4659,1ClFlat,3,0,0
4659,1ClFlat,4,0,0
4659,1ClFlat,5,0,0
4659,1ClFlat,7,0,0
4659,1ClFlat,8,0,0
4659,1CMAADCL,1,121,81.312
4659,1CMAADCL,2,0,0
4659,1CMAADCL,3,0,0
4659,1CSPiece,1,0,0
4659,1CSPiece,2,0,0
4659,1CSPiece,3,0,0
4659,OtherCls,1120,0,0
4659,PkgSRetG,48,0,0
4663,1CA5DFlt,3,0,0
4663,1CMAADCL,1,0,0
4663,1CSPiece,1,0,0
4682,1ClFlat,2,0,0
4682,1ClFlat,3,0,0
4682,1ClFlat,4,0,0
4682,1CMAADCL,1,0,0
4682,1CSPiece,1,0,0
4682,1CSPiece,2,0,0
4684,1ClFlat,3,0,0
4684,1ClFlat,4,0,0
4684,1ClFlat,5,0,0
4684,1ClFlat,7,0,0
3000,1CA5DFlt,1,0,0
3000,1CA5DFlt,2,0,0
3000,1CA5DFlt,3,0,0
3000,1CA5DFlt,4,0,0
3000,1CA5DFlt,5,0,0
3000,1CA5DFlt,6,0,0
3000,1CA5DFlt,7,0,0
3000,1CA5DFlt,9,0,0
3000,1CA5DFlt,11,0,0
3000,1CA5DFlt,13,0,0
3000,1ClFlat,1,0,0
3000,1ClFlat,2,0,0
3000,1ClFlat,3,0,0
3000,1ClFlat,4,0,0
3000,1ClFlat,5,0,0
3000,1ClFlat,6,0,0
3000,1ClFlat,7,0,0
3000,1ClFlat,8,0,0
3000,1ClFlat,9,0,0
3000,1ClFlat,10,0,0
3000,1ClFlat,11,0,0
3000,1ClFlat,13,0,0
0833,OtherCls,1120,0,0
0840,NOCLASS,0,0,0
0840,1ClFlat,1,0,0
0840,Int1stFl,1,0,0
0839,NOCLASS,0,0,0
0839,NOCLASS,4,0,0
0839,NOCLASS,8,0,0
0839,NOCLASS,16,0,0
0839,1CA5DFlt,2,0,0
0839,1CA5DFlt,3,0,0
0839,1CAAADCL,1,74,47.434
0839,1CAAADCL,2,0,0
0839,1ClFlat,1,0,0
0839,1ClFlat,2,1,1.9
0839,1ClFlat,3,0,0
0839,1ClFlat,4,1,2.44
0839,1ClFlat,5,0,0
0839,1ClFlat,6,0,0
0839,1ClFlat,7,0,0
0839,1ClFlat,8,0,0
0839,1ClFlat,9,0,0
0839,1ClFlat,10,0,0
0839,1ClFlat,11,0,0
0839,1ClFlat,12,0,0
0839,1ClFlat,13,0,0
0839,1CMAADCL,1,0,0
0839,1CNAPres,1,0,0
0839,1CSPiece,1,0,0
0839,1CSPiece,2,0,0
0839,1CSPiece,3,0,0
0839,1CSPiece,3,0,0
0839,1stClNMLtr,1,0,0
0839,1stClNMLtr,2,0,0
0839,1stClNMLtr,3,0,0
0839,1stClNMLtr,3,0,0
0839,OtherCls,1120,0,0
0839,PkgSRetG,32,0,0
0839,Priority,16,0,0
4690,1CMAADCL,1,0,0
4690,1CMAADCL,2,5,3.36
4690,1CSPiece,2,0,0
4690,1stClNMLtr,3,0,0
0848,NOCLASS,0,0,0
0848,NOCLASS,16,0,0
0848,1CA5DFlt,2,0,0
0848,1CA5DFlt,3,0,0
0848,1CA5DFlt,4,0,0
0848,1CA5DFlt,5,0,0
0848,1CA5DFlt,6,0,0
0848,1CA5DFlt,7,0,0
0848,1CA5DFlt,8,0,0
0848,1CA5DFlt,9,0,0
0848,1CA5DFlt,10,0,0
0848,1CA5DFlt,11,0,0
0848,1ClFlat,9,0,0
0848,1ClFlat,10,0,0
0848,1ClFlat,11,0,0
0848,1ClFlat,12,0,0
0848,Int1stLt,1,0,0
0848,PkgSRetG,32,0,0
6220,1ClFlat,4,2,4.88
6220,1ClFlat,5,1,2.72
6220,1ClFlat,6,0,0
4695,1CMAADCL,1,0,0
4695,1CSPiece,1,6,4.44
5341,1CSPiece,1,0,0
0903,Int1stLt,1,0,0
0904,Int1stLt,1,0,0
0909,NOCLASS,0,0,0
4704,1CMAADCL,1,0,0
4704,1CSPiece,1,0,0
4704,1CSPiece,2,0,0
4711,1CMAADCL,1,0,0
4711,1CSPiece,1,0,0
4720,1ClFlat,2,0,0
4720,1ClFlat,3,0,0
4720,1ClFlat,4,0,0
4720,1ClFlat,5,0,0
4720,1ClFlat,6,0,0
4720,1CSPiece,1,0,0
0920,Int1stLt,1,0,0
0919,Int1stLt,1,0,0
4732,1CMAADCL,1,28,18.816
4732,1CMAADCL,2,0,0
4732,1CSPiece,1,0,0
4739,1CMAADCL,1,0,0
0932,NOCLASS,0,0,0
0938,NOCLASS,0,0,0
0938,1CA5DFlt,2,0,0
0938,1CA5DFlt,3,0,0
0938,1CA5DFlt,4,0,0
0938,1CAAADCL,1,0,0
0938,1CAAADCL,3,0,0
0938,1ClFlat,2,0,0
0938,1ClFlat,3,0,0
0938,1ClFlat,4,0,0
0938,1ClFlat,5,0,0
0938,1ClFlat,6,0,0
0938,1ClFlat,8,0,0
0938,1ClFlat,10,0,0
0938,1ClFlat,11,0,0
0938,1CNAPres,1,0,0
0938,1CSPiece,1,0,0
0938,OtherCls,1120,0,0
0938,PkgSRetG,32,0,0
0939,1CSPiece,1,0,0
0939,1CSPiece,2,0,0
0939,OtherCls,1120,0,0
4755,1CMAADCL,1,0,0
4756,1CMAADCL,1,0,0
4756,1CSPiece,1,0,0
4764,1CMAADCL,1,0,0
0959,Int1stLt,1,0,0
0967,NOCLASS,0,0,0
0967,1CSPiece,1,0,0
0969,NOCLASS,0,0,0
0969,NOCLASS,16,0,0
0969,1CA5DFlt,2,1,1.24
0969,1CA5DFlt,3,2,3.02
0969,1CA5DFlt,4,2,3.56
0969,1CA5DFlt,5,0,0
0969,1CA5DFlt,6,0,0
0969,1CA5DFlt,7,0,0
0969,1CA5DFlt,8,1,2.9
0969,1CA5DFlt,9,0,0
0969,1CA5DFlt,10,0,0
0969,1CA5DFlt,11,0,0
0969,1CA5DFlt,12,0,0
0969,1CA5DFlt,13,0,0
0969,1ClFlat,2,0,0
0969,1ClFlat,3,0,0
0969,1ClFlat,4,0,0
0969,1ClFlat,5,0,0
0969,1ClFlat,6,0,0
0969,1ClFlat,7,0,0
0969,1ClFlat,8,0,0
0969,1ClFlat,9,0,0
0969,1ClFlat,10,0,0
0969,1ClFlat,11,0,0
0969,1ClFlat,12,0,0
0969,1ClFlat,13,0,0
0969,1CNAPres,1,188,128.968
0969,1CNAPres,2,0,0
0969,1CSPiece,1,0,0
0969,1CSPiece,2,0,0
0969,1CSPiece,3,0,0
0969,OtherCls,1120,0,0
0969,PkgSRetG,32,0,0
0969,PSFRBRet,1120,0,0
4769,1ClFlat,6,0,0
4769,1ClFlat,13,0,0
3472,1CSPiece,1,0,0
3110,OtherCls,1120,0,0
0980,NOCLASS,0,0,0
0980,1CA5DFlt,1,0,0
0980,1CA5DFlt,2,0,0
0980,1CA5DFlt,3,0,0
0980,1CA5DFlt,4,0,0
0980,1CA5DFlt,5,0,0
0980,1CA5DFlt,6,0,0
0980,1ClFlat,1,0,0
0980,1ClFlat,2,0,0
0980,1ClFlat,3,0,0
0980,1ClFlat,4,0,0
0980,1ClFlat,7,0,0
0980,1ClFlat,8,0,0
0980,1ClFlat,9,0,0
0980,1ClFlat,10,0,0
0980,1ClFlat,11,0,0
0980,1CMAADCL,1,0,0
0980,1CMAADCL,2,0,0
0980,1CSPiece,1,0,0
0980,1CSPiece,2,0,0
0980,1CSPiece,3,0,0
0980,1stClNMLtr,1,0,0
0980,Int1stS,6,0,0
0980,Int1stS,20,0,0
0980,Int1stS,40,0,0
0980,OtherCls,1120,0,0
0980,PkgSLiSP,16,0,0
0980,PkgSLiSP,32,0,0
0980,PkgSLiSP,64,0,0
0980,PkgSLiSP,144,0,0
0979,NOCLASS,0,0,0
0979,Int1stLt,1,0,0
5497,1CMAADCL,1,0,0
5497,1CSPiece,1,0,0
5501,1CSPiece,1,0,0
5502,1ClFlat,1,0,0
5502,1ClFlat,7,0,0
5502,1ClFlat,10,0,0
5502,1CMAADCL,1,1,0.672
5502,1CSPiece,1,0,0
5503,1CMAADCL,1,0,0
5503,1CSPiece,1,0,0
5503,OtherCls,1120,0,0
5507,1CMAADCL,1,0,0
5509,1ClFlat,3,0,0
5509,1ClFlat,5,0,0
5509,1CMAADCL,1,0,0
5509,1CMAADCL,2,0,0
5509,1CSPiece,1,0,0
5510,1CMAADCL,1,0,0
5510,1CSPiece,1,0,0
5511,1CMAADCL,1,0,0
5517,1ClFlat,1,0,0
5517,1CMAADCL,1,0,0
5519,1ClFlat,6,0,0
5519,1CMAADCL,1,0,0
5519,1CSPiece,1,0,0
5520,1CMAADCL,1,0,0
5520,1CSPiece,1,0,0
5521,1CMAADCL,1,0,0
5521,1CSPiece,1,0,0
5523,1CMAADCL,1,0,0
5523,1CMAADCL,2,0,0
5523,1CSPiece,1,0,0
5524,1ClFlat,4,0,0
5524,1ClFlat,5,0,0
5524,1ClFlat,9,0,0
5524,1CMAADCL,1,0,0
5524,1CSPiece,3,0,0
5527,1CMAADCL,1,0,0
5527,1CSPiece,1,0,0
5528,1ClFlat,4,0,0
5528,1CMAADCL,2,0,0
5528,1CSPiece,1,0,0
5533,1CMAADCL,2,0,0
5533,1CSPiece,1,0,0
5536,1CMAADCL,1,0,0
5536,1CSPiece,1,0,0
5541,NOCLASS,0,0,0
5541,1CMAADCL,1,0,0
5541,1CSPiece,1,0,0
5543,1CMAADCL,1,0,0
5547,1ClFlat,9,0,0
5547,1CMAADCL,1,0,0
5547,1CSPiece,1,0,0
5549,1CMAADCL,1,0,0
5549,1CSPiece,1,0,0
3560,1ClFlat,4,0,0
3560,1ClFlat,5,0,0
3560,1ClFlat,6,0,0
3560,1CMAADCL,1,0,0
3560,1CSPiece,1,0,0
3561,1CMAADCL,1,0,0
3563,1CA5DFlt,2,0,0
3563,1CA5DFlt,3,0,0
3563,1ClFlat,2,0,0
3563,1ClFlat,3,0,0
3563,1ClFlat,4,0,0
3563,1ClFlat,5,0,0
3563,1ClFlat,8,0,0
3563,1CMAADCL,1,1,0.672
3563,1CMAADCL,2,0,0
3563,1CSPiece,1,0,0
3563,1CSPiece,2,0,0
3563,1CSPiece,3,0,0
3564,1CA5DFlt,1,0,0
3564,1CA5DFlt,2,0,0
3564,1CA5DFlt,3,0,0
3564,1ClFlat,2,0,0
3564,1ClFlat,3,0,0
3564,1ClFlat,4,0,0
3564,1ClFlat,5,0,0
3564,1CMAADCL,1,9,6.048
3564,1CSPiece,1,0,0
3564,1CSPiece,2,0,0
3564,PkgSRetG,32,0,0
3568,NOCLASS,0,0,0
3568,1ClFlat,2,0,0
3568,1CMAADCL,1,1,0.672
3568,1CMAADCL,2,0,0
3568,1CSPiece,1,0,0
3568,1CSPiece,2,0,0
3569,1CA5DFlt,2,0,0
3569,1CA5DFlt,3,0,0
3569,1CA5DFlt,4,0,0
3569,1ClFlat,1,0,0
3569,1ClFlat,2,0,0
3569,1ClFlat,3,0,0
3569,1ClFlat,4,0,0
3569,1ClFlat,5,0,0
3569,1ClFlat,6,0,0
3569,1ClFlat,7,0,0
3569,1ClFlat,8,0,0
3569,1ClFlat,9,0,0
3569,1ClFlat,11,0,0
3569,1ClFlat,12,0,0
3569,1CMAADCL,1,206,138.432
3569,1CMAADCL,2,0,0
3569,1CMAADCL,3,0,0
3569,1CSPiece,1,0,0
3569,1CSPiece,2,0,0
3569,1CSPiece,3,0,0
3569,1CSPiece,3,0,0
3569,OtherCls,1120,0,0
3569,Priority,16,0,0
3572,1CA5DFlt,1,0,0
3572,1CA5DFlt,2,0,0
3572,1CA5DFlt,6,0,0
3572,1ClFlat,1,9,14.67
3572,1ClFlat,2,0,0
3572,1ClFlat,3,0,0
3572,1ClFlat,5,0,0
3572,1CMAADCL,1,0,0
3572,1CSPiece,1,0,0
3573,1CA5DFlt,1,0,0
3573,1CA5DFlt,2,0,0
3573,1CA5DFlt,3,0,0
3573,1CA5DFlt,4,0,0
3573,1ClFlat,1,0,0
3573,1ClFlat,2,0,0
3573,1ClFlat,3,0,0
3573,1ClFlat,10,0,0
3573,1CSPiece,1,0,0
3574,1ClFlat,2,0,0
3574,1ClFlat,3,0,0
3574,1ClFlat,8,0,0
3574,1CMAADCL,1,0,0
3574,1CMAADCL,2,0,0
3574,1CSPiece,1,0,0
3574,1CSPiece,2,0,0
3575,1CMAADCL,1,0,0
3575,1CMAADCL,2,0,0
3576,NOCLASS,16,0,0
3576,1ClFlat,3,0,0
3576,1ClFlat,4,0,0
3576,1ClFlat,5,0,0
3576,1ClFlat,6,0,0
3576,1CMAADCL,1,0,0
3576,1CMAADCL,2,0,0
3576,1CSPiece,1,0,0
3576,PkgSRetG,48,0,0
3576,PkgSRetG,64,0,0
3578,NOCLASS,0,0,0
3578,1ClFlat,2,0,0
3578,1ClFlat,3,0,0
3578,1ClFlat,4,0,0
3578,1ClFlat,5,0,0
3578,1ClFlat,6,0,0
3578,1ClFlat,8,0,0
3578,1ClFlat,9,0,0
3578,1ClFlat,10,0,0
3578,1ClFlat,12,0,0
3578,1ClFlat,13,0,0
3578,1CMAADCL,1,0,0
3578,1CMAADCL,2,0,0
3578,1CSPiece,1,0,0
3578,1CSPiece,2,0,0
3578,1CSPiece,3,0,0
3578,1CSPiece,3,0,0
3579,NOCLASS,0,0,0
3579,1CMAADCL,1,0,0
3579,1CMAADCL,2,0,0
3579,1CSPiece,1,0,0
3581,1ClFlat,1,0,0
3581,1ClFlat,2,0,0
3581,1ClFlat,3,0,0
3581,1ClFlat,4,0,0
3581,1ClFlat,5,0,0
3581,1ClFlat,6,0,0
3581,1ClFlat,7,0,0
3581,1ClFlat,8,0,0
3581,1ClFlat,10,0,0
3581,1ClFlat,11,0,0
3581,1CMAADCL,1,118,79.296
3581,1CMAADCL,2,0,0
3581,1CMAADCL,3,0,0
3581,1CMAADCL,3,0,0
3581,1CSPiece,1,3,2.22
3581,1CSPiece,2,0,0
3581,1CSPiece,3,0,0
3581,1CSPiece,3,0,0
3581,OtherCls,1120,0,0
3582,1ClFlat,2,0,0
3582,1ClFlat,4,0,0
3582,1ClFlat,5,1,2.72
3582,1ClFlat,8,0,0
3582,1ClFlat,13,0,0
3582,1CMAADCL,1,0,0
3582,1CMAADCL,2,0,0
3582,1CSPiece,1,0,0
3583,NOCLASS,0,0,0
3583,1ClFlat,1,0,0
3583,1ClFlat,2,0,0
3583,1ClFlat,3,0,0
3583,1ClFlat,4,0,0
3583,1ClFlat,7,0,0
3583,1CMAADCL,1,6,4.032
3583,1CMAADCL,2,0,0
3583,1CSPiece,1,0,0
3583,1CSPiece,2,0,0
3584,1ClFlat,2,0,0
3587,1ClFlat,2,0,0
3587,1ClFlat,3,0,0
3587,1ClFlat,4,0,0
3587,1CMAADCL,1,0,0
3587,1CMAADCL,2,0,0
3587,1CMAADCL,3,0,0
3587,1CSPiece,1,0,0
3587,1CSPiece,2,0,0
3587,1CSPiece,3,0,0
3588,1ClFlat,4,0,0
3588,1CMAADCL,1,0,0
3588,1CSPiece,1,0,0
3588,1CSPiece,2,0,0
3590,1ClFlat,13,0,0
3593,NOCLASS,0,0,0
3593,1ClFlat,2,0,0
3593,1ClFlat,11,0,0
3593,1CMAADCL,1,0,0
3593,1CMAADCL,2,0,0
3601,NOCLASS,0,0,0
3601,NOCLASS,16,0,0
3601,1CA5DFlt,2,0,0
3601,1CA5DFlt,3,0,0
3601,1CA5DFlt,4,0,0
3601,1CA5DFlt,6,0,0
3601,1ClFlat,1,0,0
3601,1ClFlat,2,1,1.9
3601,1ClFlat,3,2,4.34
3601,1ClFlat,4,0,0
3601,1ClFlat,5,0,0
3601,1ClFlat,6,1,3
3601,1ClFlat,7,0,0
3601,1ClFlat,8,0,0
3601,1ClFlat,9,2,7.68
3601,1ClFlat,10,0,0
3601,1ClFlat,11,0,0
3601,1ClFlat,12,0,0
3601,1ClFlat,13,0,0
3601,1CMAADCL,1,58,38.976
3601,1CMAADCL,2,0,0
3601,1CMAADCL,3,0,0
3601,1CSPiece,1,1,0.74
3601,1CSPiece,2,0,0
3601,1CSPiece,3,0,0
3601,1CSPiece,3,0,0
3601,OtherCls,1120,0,0
3601,PkgSRetG,16,0,0
3601,PkgSRetG,32,0,0
3601,Priority,16,0,0
3603,1ClFlat,2,0,0
3603,1ClFlat,3,0,0
3603,1ClFlat,4,0,0
3603,1ClFlat,6,0,0
3603,1CMAADCL,1,1,0.672
3603,1CMAADCL,2,0,0
3603,1CSPiece,2,0,0
3603,OtherCls,1120,0,0
3608,1ClFlat,2,0,0
3608,1ClFlat,3,0,0
3608,1ClFlat,4,0,0
3608,1ClFlat,5,0,0
3608,1ClFlat,6,0,0
3608,1ClFlat,7,0,0
3608,1ClFlat,8,0,0
3608,1ClFlat,10,0,0
3608,1ClFlat,11,0,0
3608,1CMAADCL,1,6,4.032
3608,1CMAADCL,2,0,0
3608,1CMAADCL,3,0,0
3608,1CSPiece,1,0,0
3608,1CSPiece,2,0,0
3608,1CSPiece,3,0,0
3608,1CSPiece,3,0,0
3608,OtherCls,1120,0,0
3608,PkgSRetG,32,0,0
3608,Priority,16,0,0
3608,Priority,32,0,0
3608,Priority,48,0,0
3613,1CA5DFlt,2,0,0
3613,1ClFlat,2,0,0
3613,1ClFlat,3,0,0
3613,1ClFlat,5,0,0
3613,1ClFlat,6,0,0
3613,1ClFlat,8,0,0
3613,1ClFlat,10,0,0
3613,1ClFlat,13,0,0
3613,1CMAADCL,1,7,4.704
3613,1CMAADCL,2,1,0.672
3613,1CSPiece,1,0,0
3614,NOCLASS,0,0,0
3614,1CA5DFlt,1,0,0
3614,1CA5DFlt,2,0,0
3614,1CA5DFlt,3,0,0
3614,1CA5DFlt,4,0,0
3614,1CA5DFlt,6,0,0
3614,1CA5DFlt,7,0,0
3614,1CA5DFlt,10,0,0
3614,1ClFlat,1,2,3.26
3614,1ClFlat,2,1,1.9
3614,1ClFlat,3,0,0
3614,1ClFlat,4,0,0
3614,1ClFlat,5,1,2.72
3614,1ClFlat,6,0,0
3614,1ClFlat,7,0,0
3614,1ClFlat,8,0,0
3614,1ClFlat,9,0,0
3614,1ClFlat,10,0,0
3614,1ClFlat,13,0,0
3614,1CMAADCL,1,0,0
3614,1CMAADCL,2,0,0
3614,1CSPiece,1,0,0
3614,1CSPiece,2,0,0
3614,PkgSRetG,32,0,0
3614,PkgSRetG,48,0,0
3615,1CA5DFlt,1,0,0
3615,1CA5DFlt,2,0,0
3615,1CA5DFlt,4,16,28.48
3615,1CA5DFlt,5,0,0
3615,1CA5DFlt,6,0,0
3615,1CA5DFlt,7,0,0
3615,1ClFlat,2,0,0
3615,1ClFlat,3,0,0
3615,1ClFlat,4,0,0
3615,1ClFlat,5,1,2.72
3615,1ClFlat,7,0,0
3615,1ClFlat,8,0,0
3615,1CMAADCL,1,0,0
3615,1CMAADCL,2,0,0
3615,1CSPiece,2,0,0
3615,1CSPiece,3,0,0
3617,NOCLASS,16,0,0
3617,1CA5DFlt,3,0,0
3617,1CA5DFlt,4,0,0
3617,1ClFlat,1,0,0
3617,1ClFlat,2,0,0
3617,1ClFlat,3,2,4.34
3617,1ClFlat,4,0,0
3617,1ClFlat,5,0,0
3617,1ClFlat,6,0,0
3617,1ClFlat,7,0,0
3617,1ClFlat,8,0,0
3617,1ClFlat,9,0,0
3617,1ClFlat,10,0,0
3617,1ClFlat,11,0,0
3617,1ClFlat,12,0,0
3617,1ClFlat,13,0,0
3617,1CMAADCL,1,0,0
3617,1CMAADCL,2,0,0
3617,1CMAADCL,3,0,0
3617,1CSPiece,1,0,0
3617,1CSPiece,2,0,0
3617,1CSPiece,3,0,0
3617,1CSPiece,3,0,0
3617,PkgSRetG,32,0,0
3617,Priority,16,0,0
3617,Priority,1120,0,0
3618,1ClFlat,2,0,0
3618,1ClFlat,3,0,0
3618,1ClFlat,4,2,4.88
3618,1ClFlat,5,0,0
3618,1CMAADCL,1,0,0
3618,1CMAADCL,2,0,0
3618,1CSPiece,1,0,0
3618,1CSPiece,2,0,0
3618,1CSPiece,3,0,0
3618,1CSPiece,3,0,0
3622,1ClFlat,2,0,0
3622,1ClFlat,3,0,0
3622,1ClFlat,4,0,0
3622,1ClFlat,5,0,0
3622,1ClFlat,6,0,0
3622,1ClFlat,7,0,0
3622,1ClFlat,9,0,0
3622,1ClFlat,11,0,0
3622,1ClFlat,12,0,0
3622,1CMAADCL,1,75,50.4
3622,1CMAADCL,2,1,0.672
3622,1CSPiece,1,0,0
3622,1CSPiece,2,0,0
3622,PkgSRetG,32,0,0
3622,Priority,32,0,0
3623,1CA5DFlt,1,0,0
3623,1CA5DFlt,2,0,0
3623,1CA5DFlt,3,0,0
3623,1ClFlat,1,0,0
3623,1ClFlat,2,0,0
3623,1ClFlat,3,0,0
3623,1CMAADCL,1,1,0.672
3623,1CSPiece,1,0,0
3630,1ClFlat,1,0,0
3630,1ClFlat,2,0,0
3630,1ClFlat,3,0,0
3630,1ClFlat,4,0,0
3630,1ClFlat,5,0,0
3630,1ClFlat,6,0,0
3630,1ClFlat,7,0,0
3630,1ClFlat,8,0,0
3630,1ClFlat,10,0,0
3630,1CMAADCL,1,3,2.016
3630,1CMAADCL,2,0,0
3630,1CSPiece,1,0,0
3630,1CSPiece,2,0,0
3630,1CSPiece,3,0,0
3630,1CSPiece,3,0,0
3631,1ClFlat,2,0,0
3631,1ClFlat,3,1,2.17
3631,1ClFlat,4,0,0
3631,1ClFlat,5,0,0
3631,1CMAADCL,1,14,9.408
3631,1CMAADCL,2,0,0
3631,1CSPiece,1,0,0
3631,1CSPiece,2,0,0
3635,1ClFlat,5,0,0
3635,1CMAADCL,1,0,0
3635,1CSPiece,1,0,0
3635,1CSPiece,3,0,0
3636,1CMAADCL,1,1,0.672
3636,1CMAADCL,2,0,0
3636,1CSPiece,1,17,10.37
3637,NOCLASS,0,0,0
3637,1ClFlat,2,0,0
3637,1CMAADCL,1,0,0
3637,1CSPiece,1,13,7.93
3638,NOCLASS,0,0,0
3638,1CA5DFlt,3,0,0
3638,1ClFlat,1,0,0
3638,1ClFlat,2,0,0
3638,1ClFlat,3,0,0
3638,1ClFlat,4,0,0
3638,1ClFlat,7,0,0
3638,1CMAADCL,1,16,10.752
3638,1CMAADCL,2,6,4.032
3638,1CSPiece,1,0,0
3638,1CSPiece,2,0,0
3638,1CSPiece,3,0,0
3638,Int1stLt,1,0,0
3642,1ClFlat,3,0,0
3642,1ClFlat,4,0,0
3642,1ClFlat,5,0,0
3642,1CMAADCL,1,0,0
3642,1CMAADCL,2,0,0
3642,1CSPiece,1,0,0
3642,1CSPiece,3,0,0
3643,1ClFlat,4,0,0
3643,1ClFlat,6,0,0
3643,1CMAADCL,1,0,0
3643,1CSPiece,1,0,0
3644,1ClFlat,4,0,0
3644,1CMAADCL,1,6,4.032
3644,1CMAADCL,2,0,0
3644,1CSPiece,1,0,0
3645,1ClFlat,5,0,0
3645,1CMAADCL,1,0,0
3645,1CMAADCL,2,0,0
3645,1CSPiece,1,0,0
3645,1CSPiece,2,0,0
3645,1CSPiece,3,0,0
3645,1CSPiece,3,0,0
3646,1ClFlat,4,0,0
3646,1CMAADCL,1,2,1.344
3646,1CSPiece,1,0,0
3647,1CMAADCL,1,0,0
3647,1CMAADCL,2,0,0
3647,1CSPiece,1,0,0
3648,1ClFlat,2,0,0
3648,1ClFlat,3,0,0
3648,1ClFlat,4,0,0
3648,1ClFlat,5,0,0
3648,1ClFlat,6,0,0
3648,1CMAADCL,1,1,0.672
3648,1CMAADCL,2,0,0
3648,1CSPiece,1,0,0
3648,OtherCls,1120,0,0
3649,1ClFlat,2,0,0
3649,1ClFlat,5,0,0
3649,1ClFlat,7,0,0
3649,1CMAADCL,1,2,1.344
3649,1CSPiece,1,0,0
3652,1ClFlat,6,0,0
3652,1CMAADCL,1,13,8.736
3652,1CMAADCL,2,0,0
3652,1CSPiece,1,0,0
3652,1CSPiece,2,0,0
3653,1ClFlat,4,0,0
3653,1ClFlat,6,0,0
3653,1CMAADCL,1,0,0
3653,1CMAADCL,2,0,0
3653,1CSPiece,1,0,0
3653,1CSPiece,3,0,0
3654,1CMAADCL,1,0,0
3654,1CSPiece,1,0,0
3656,1ClFlat,2,0,0
3656,1ClFlat,3,0,0
3656,1ClFlat,4,0,0
3656,1ClFlat,5,0,0
3656,1ClFlat,6,1,3
3656,1ClFlat,7,0,0
3656,1CMAADCL,1,4,2.688
3656,1CMAADCL,2,0,0
3656,1CSPiece,1,5,3.7
3657,1ClFlat,2,0,0
3657,1ClFlat,4,0,0
3657,1ClFlat,5,0,0
3657,1ClFlat,6,0,0
3657,1ClFlat,7,0,0
3657,1ClFlat,8,0,0
3657,1ClFlat,10,0,0
3657,1CMAADCL,1,2,1.344
3657,1CMAADCL,2,0,0
3657,1CSPiece,1,0,0
3657,1CSPiece,2,0,0
3658,1CMAADCL,1,0,0
3658,1CMAADCL,2,0,0
3658,1CSPiece,1,0,0
3658,1CSPiece,2,0,0
3659,1CMAADCL,1,0,0
3659,1CMAADCL,2,0,0
3659,1CSPiece,1,0,0
3660,1ClFlat,2,0,0
3660,1ClFlat,3,0,0
3660,1ClFlat,5,0,0
3660,1ClFlat,9,0,0
3660,1ClFlat,11,0,0
3660,1CMAADCL,1,0,0
3660,1CMAADCL,2,0,0
3660,1CSPiece,1,0,0
3660,OtherCls,1120,0,0
3661,1ClFlat,2,0,0
3661,1ClFlat,3,0,0
3661,1ClFlat,5,0,0
3661,1ClFlat,7,0,0
3661,1CMAADCL,1,0,0
3661,1CMAADCL,2,3,2.016
3661,1CSPiece,1,0,0
3661,1CSPiece,2,0,0
3662,1ClFlat,4,0,0
3662,1ClFlat,7,0,0
3662,1CMAADCL,1,5,3.36
3662,1CMAADCL,2,0,0
3662,1CSPiece,1,0,0
3663,1ClFlat,5,0,0
3663,1ClFlat,9,0,0
3663,1ClFlat,10,0,0
3663,1CMAADCL,1,4,2.688
3663,1CMAADCL,2,0,0
3663,1CSPiece,1,0,0
3664,1ClFlat,4,0,0
3664,1CMAADCL,1,2,1.344
3665,1ClFlat,3,0,0
3665,1ClFlat,4,0,0
3665,1ClFlat,5,0,0
3665,1ClFlat,6,0,0
3665,1ClFlat,7,0,0
3665,1CMAADCL,1,0,0
3665,1CMAADCL,2,0,0
3665,1CSPiece,1,0,0
3665,1CSPiece,2,0,0
3666,1ClFlat,2,0,0
3666,1ClFlat,3,0,0
3666,1ClFlat,4,1,2.44
3666,1ClFlat,5,0,0
3666,1ClFlat,6,0,0
3666,1ClFlat,8,0,0
3666,1ClFlat,9,0,0
3666,1CMAADCL,1,0,0
3666,1CMAADCL,2,0,0
3666,1CSPiece,1,2,1.48
3666,1CSPiece,3,0,0
3668,NOCLASS,0,0,0
3668,1ClFlat,2,0,0
3668,1ClFlat,6,0,0
3668,1CMAADCL,1,18,12.096
3668,1CSPiece,1,0,0
3668,OtherCls,1120,0,0
3669,1CMAADCL,1,0,0
3669,1CMAADCL,2,0,0
3669,1CSPiece,1,0,0
3670,1CMAADCL,1,6,4.032
3670,1CSPiece,1,0,0
3670,OtherCls,1120,0,0
3671,1ClFlat,2,0,0
3671,1ClFlat,3,0,0
3671,1ClFlat,4,3,7.32
3671,1ClFlat,5,0,0
3671,1ClFlat,6,0,0
3671,1ClFlat,7,0,0
3671,1ClFlat,8,0,0
3671,1CMAADCL,1,0,0
3671,1CMAADCL,2,0,0
3671,1CSPiece,1,0,0
3671,1CSPiece,2,0,0
3672,1ClFlat,7,0,0
3672,1CMAADCL,1,4,2.688
3672,1CSPiece,1,0,0
3672,1CSPiece,2,0,0
3673,1ClFlat,2,0,0
3673,1ClFlat,3,0,0
3673,1ClFlat,4,1,2.44
3673,1ClFlat,5,0,0
3673,1ClFlat,6,0,0
3673,1ClFlat,7,2,6.56
3673,1ClFlat,8,0,0
3673,1CMAADCL,1,9,6.048
3673,1CMAADCL,2,0,0
3673,1CSPiece,1,0,0
3673,1CSPiece,2,0,0
3673,1CSPiece,3,0,0
3674,1ClFlat,3,0,0
3674,1ClFlat,4,2,4.88
3674,1ClFlat,5,0,0
3674,1ClFlat,6,0,0
3674,1ClFlat,7,0,0
3674,1ClFlat,9,1,3.84
3674,1ClFlat,12,0,0
3674,1CMAADCL,1,5,3.36
3674,1CMAADCL,2,0,0
3674,1CMAADCL,3,0,0
3674,1CSPiece,1,2,1.48
3674,1CSPiece,2,0,0
3676,1ClFlat,2,0,0
3676,1CMAADCL,1,0,0
3596,1ClFlat,1,0,0
3596,1ClFlat,2,0,0
3596,1ClFlat,3,1,2.17
3596,1ClFlat,4,0,0
3596,1ClFlat,5,0,0
3596,1ClFlat,6,0,0
3596,1ClFlat,7,0,0
3596,1ClFlat,8,0,0
3596,1ClFlat,9,0,0
3596,1ClFlat,10,0,0
3596,1ClFlat,11,0,0
3596,1ClFlat,12,0,0
3596,1CMAADCL,1,58,38.976
3596,1CMAADCL,2,0,0
3596,1CSPiece,1,0,0
3596,1CSPiece,2,0,0
3596,1CSPiece,3,0,0
3596,1CSPiece,3,0,0
3596,OtherCls,1120,3,52.65
3597,NOCLASS,0,0,0
3597,1ClFlat,3,0,0
3597,1ClFlat,4,0,0
3597,1ClFlat,5,0,0
3597,1CMAADCL,1,8,5.376
3597,1CMAADCL,2,0,0
3597,1CMAADCL,3,0,0
3597,1CSPiece,1,0,0
3597,1CSPiece,2,0,0
3597,1CSPiece,3,0,0
4771,1ClFlat,4,0,0
4771,1ClFlat,5,0,0
4771,1ClFlat,6,0,0
4771,1ClFlat,9,0,0
4771,1ClFlat,12,0,0
4771,1CMAADCL,1,0,0
4771,Priority,16,0,0
4771,Priority,32,0,0
4776,1ClFlat,1,0,0
4776,1ClFlat,2,0,0
4776,1ClFlat,3,0,0
4776,1ClFlat,4,0,0
4776,1ClFlat,5,0,0
4776,1CMAADCL,1,2,1.344
4776,1CSPiece,1,0,0
5579,1ClFlat,3,0,0
0295,1CA5DFlt,3,0,0
0295,1CA5DFlt,4,0,0
0295,1CA5DFlt,5,0,0
0295,1CA5DFlt,6,0,0
0295,1CA5DFlt,7,0,0
0295,1CA5DFlt,8,0,0
0295,1CA5DFlt,9,0,0
0295,1CA5DFlt,10,0,0
0295,1CA5DFlt,11,0,0
0295,1ClFlat,3,0,0
0295,1ClFlat,4,0,0
0295,1ClFlat,6,0,0
0295,1ClFlat,7,0,0
0295,1ClFlat,8,0,0
0295,1ClFlat,9,0,0
0295,1ClFlat,10,0,0
0295,1ClFlat,11,0,0
0295,1ClFlat,12,0,0
0295,1ClFlat,13,0,0
0295,Int1stLt,2,0,0
0291,NOCLASS,0,0,0
0291,1ClFlat,1,0,0
0291,1ClFlat,2,0,0
0291,1ClFlat,3,0,0
0291,1ClFlat,4,0,0
0291,1ClFlat,5,0,0
0291,1ClFlat,6,0,0
0291,1ClFlat,7,0,0
0291,1ClFlat,8,0,0
0291,1ClFlat,9,0,0
0291,1ClFlat,11,0,0
0291,1CMAADCL,1,0,0
0291,1CMAADCL,2,0,0
0291,1CMAADCL,3,0,0
0291,1CSPiece,1,0,0
0291,1CSPiece,2,0,0
0291,1CSPiece,3,0,0
0291,1CSPiece,3,0,0
0291,1stClNMLtr,2,0,0
4802,1ClFlat,1,0,0
4802,1ClFlat,2,1,1.9
4802,1ClFlat,3,1,2.17
4802,1ClFlat,4,1,2.44
4802,1ClFlat,5,1,2.72
4802,1ClFlat,6,1,3
4802,1ClFlat,7,1,3.28
4802,1ClFlat,8,0,0
4802,1ClFlat,9,0,0
4802,1CMAADCL,1,0,0
4802,1CMAADCL,2,0,0
4802,1CSPiece,1,0,0
4802,1CSPiece,2,0,0
4802,1CSPiece,3,0,0
4802,1stClNMLtr,3,0,0
4802,OtherCls,1120,0,0
4802,Priority,16,0,0
3702,NOCLASS,0,606,43.904
3702,NOCLASS,12,0,0
3702,1CA5DFlt,2,0,0
3702,1CA5DFlt,3,0,0
3702,1CA5DFlt,6,0,0
3702,1ClFlat,1,0,0
3702,1ClFlat,2,0,0
3702,1ClFlat,3,0,0
3702,1ClFlat,4,0,0
3702,1ClFlat,6,0,0
3702,1ClFlat,7,0,0
3702,1ClFlat,8,0,0
3702,1ClFlat,9,0,0
3702,1CMAADCL,1,0,0
3702,1CNAPres,1,0,0
3702,1CNAPres,2,0,0
3702,1CSPiece,1,0,0
3702,1CSPiece,2,0,0
3702,Int1stLt,1,2,3.4
3702,Int1stLt,2,0,0
3702,OtherCls,1120,0,0
5621,1CMAADCL,1,0,0
5621,1CSPiece,1,0,0
3711,Int1stFl,2,0,0
3711,Int1stFl,7,0,0
3711,Int1stLt,2,0,0
3724,1ClFlat,13,0,0
3734,NOCLASS,0,0,0
3734,Int1stLt,1,0,0
3686,NOCLASS,0,0,0
3686,1CA5DFlt,1,0,0
3686,1CA5DFlt,2,0,0
3686,1CA5DFlt,3,0,0
3686,1CA5DFlt,4,0,0
3686,1CA5DFlt,5,0,0
3686,1ClFlat,1,0,0
3686,1ClFlat,2,0,0
3686,1ClFlat,3,0,0
3686,1ClFlat,4,0,0
3686,1ClFlat,5,0,0
3686,1ClFlat,6,0,0
3686,1ClFlat,7,0,0
3686,1ClFlat,8,0,0
3686,1ClFlat,9,0,0
3686,1ClFlat,10,0,0
3686,1ClFlat,11,10,44.4
3686,1ClFlat,12,0,0
3686,1ClFlat,13,0,0
3686,1CMAADCL,1,8,5.376
3686,1CMAADCL,2,0,0
3686,1CSPiece,1,0,0
3686,1CSPiece,2,0,0
3686,Int1stS,16,0,0
3686,OtherCls,1120,0,0
3686,Priority,16,0,0
3686,Priority,32,0,0
3736,1CMAADCL,1,0,0
3736,OtherCls,1120,0,0
3738,1CA5DFlt,4,0,0
3738,1CA5DFlt,5,0,0
3738,1CA5DFlt,6,0,0
3738,1CA5DFlt,7,0,0
3738,1ClFlat,4,0,0
3738,1ClFlat,5,0,0
3738,1ClFlat,8,0,0
3738,1ClFlat,12,0,0
3738,1ClFlat,13,0,0
3738,Int1stFl,4,0,0
3738,Int1stLt,2,0,0
3740,1CNAPres,1,0,0
3740,1CSPiece,1,0,0
3740,1stClNMLtr,2,0,0
4807,1CMAADCL,1,0,0
4807,1CMAADCL,2,0,0
8102,NOCLASS,4,0,0
8102,NOCLASS,12,0,0
8102,1CA5DFlt,1,0,0
8102,1CA5DFlt,2,0,0
8102,1CA5DFlt,3,0,0
8102,1CA5DFlt,7,0,0
8102,1CA5DFlt,8,0,0
8102,1CA5DFlt,9,0,0
8102,1ClFlat,1,0,0
8102,1ClFlat,2,0,0
8102,1ClFlat,4,0,0
8102,1ClFlat,7,0,0
8102,1ClFlat,9,0,0
8102,1ClFlat,13,0,0
8102,1CMAADCL,1,0,0
8102,1CSPiece,1,0,0
8102,Int1stFl,1,0,0
8102,Int1stS,20,0,0
8102,Int1stS,28,0,0
8102,PkgSRetG,32,0,0
8024,NOCLASS,0,0,0
8024,NOCLASS,16,0,0
8024,1CA5DFlt,1,1,0.97
8024,1CA5DFlt,2,1,1.24
8024,1CA5DFlt,3,5,7.55
8024,1CA5DFlt,4,2,3.56
8024,1CA5DFlt,5,1,2.06
8024,1CA5DFlt,6,0,0
8024,1CA5DFlt,7,0,0
8024,1CA5DFlt,8,0,0
8024,1CA5DFlt,9,0,0
8024,1CA5DFlt,10,0,0
8024,1ClFlat,1,0,0
8024,1ClFlat,2,0,0
8024,1ClFlat,3,0,0
8024,1ClFlat,4,0,0
8024,1ClFlat,5,0,0
8024,1ClFlat,6,0,0
8024,1ClFlat,7,0,0
8024,1ClFlat,8,0,0
8024,1ClFlat,9,0,0
8024,1ClFlat,10,0,0
8024,1ClFlat,11,0,0
8024,1ClFlat,12,0,0
8024,1ClFlat,13,0,0
8024,1CNAPres,1,0,0
8024,1CNAPres,2,0,0
8024,1CSPiece,1,0,0
8024,1CSPiece,2,0,0
8024,1CSPiece,3,0,0
8024,OtherCls,1120,0,0
8024,PkgSRetG,32,0,0
8024,PkgSRetG,48,0,0
8106,1ClFlat,1,0,0
8106,1ClFlat,2,0,0
8106,1ClFlat,3,0,0
8106,1ClFlat,4,0,0
8106,1ClFlat,5,0,0
8106,1ClFlat,6,0,0
8106,1ClFlat,10,0,0
8106,1CMAADCL,1,0,0
8106,1CMAADCL,2,0,0
8106,1CSPiece,1,0,0
8106,1CSPiece,2,0,0
8106,1CSPiece,3,0,0
8010,1CSPiece,1,0,0
8010,1CSPiece,2,0,0
8010,OtherCls,1120,0,0
8001,1CAAADCL,1,0,0
8001,1ClFlat,4,0,0
8001,1ClFlat,5,0,0
8001,1CSPiece,1,0,0
8001,OtherCls,1120,0,0
8108,NOCLASS,0,0,0
8108,NOCLASS,16,0,0
8108,1CA5DFlt,3,0,0
8108,1CA5DFlt,4,0,0
8108,1CA5DFlt,5,0,0
8108,1CA5DFlt,6,1,2.34
8108,1CA5DFlt,7,1,2.62
8108,1CA5DFlt,8,0,0
8108,1CA5DFlt,9,0,0
8108,1CA5DFlt,10,0,0
8108,1CA5DFlt,11,0,0
8108,1CA5DFlt,12,0,0
8108,1ClFlat,2,0,0
8108,1ClFlat,3,0,0
8108,1ClFlat,4,0,0
8108,1ClFlat,5,0,0
8108,1ClFlat,6,0,0
8108,1ClFlat,9,0,0
8108,1ClFlat,10,1,4.14
8108,1ClFlat,11,0,0
8108,1ClFlat,12,0,0
8108,1ClFlat,13,0,0
8108,1CNAPres,1,1,0.686
8108,1CNAPres,2,156,107.016
8108,1CNAPres,3,9,6.174
8108,1CSPiece,1,0,0
8108,Int1stFl,4,0,0
8108,Int1stLt,1,0,0
8108,Int1stLt,2,0,0
8108,OtherCls,1120,0,0
8108,PkgSRetG,32,0,0
9256,NOCLASS,0,0,0
9256,1ClFlat,3,0,0
9256,1ClFlat,5,0,0
9256,1CMAADCL,1,0,0
9256,1CSPiece,1,0,0
9256,Int1stFl,4,0,0
9256,Int1stFl,5,0,0
9119,NOCLASS,0,0,0
9119,NOCLASS,4,0,0
9119,NOCLASS,8,0,0
9119,1ClFlat,1,0,0
9119,1ClFlat,2,1,1.9
9119,1ClFlat,3,0,0
9119,1ClFlat,4,0,0
9119,1ClFlat,5,0,0
9119,1ClFlat,6,0,0
9119,1ClFlat,7,0,0
9119,1ClFlat,8,0,0
9119,1ClFlat,10,0,0
9119,1ClFlat,11,0,0
9119,1ClFlat,12,0,0
9119,1ClFlat,13,0,0
9119,1CMAADCL,1,261,175.392
9119,1CMAADCL,2,257,172.704
9119,1CMAADCL,3,0,0
9119,1CSPiece,1,0,0
9119,1CSPiece,2,0,0
9119,1CSPiece,3,0,0
9119,1CSPiece,3,0,0
9119,1stClNMLtr,3,0,0
9119,OtherCls,1120,0,0
9119,PkgSRetG,32,0,0
9119,PkgSRetG,48,0,0
9119,Priority,16,0,0
8017,NOCLASS,0,0,0
8017,NOCLASS,4,0,0
8017,1ClFlat,1,0,0
8017,1ClFlat,2,0,0
8017,1ClFlat,3,2,14.04
8017,1ClFlat,4,3,17.02
8017,1ClFlat,5,0,0
8017,1ClFlat,6,0,0
8017,1ClFlat,7,0,0
8017,1ClFlat,8,0,0
8017,1ClFlat,9,0,0
8017,1ClFlat,10,0,0
8017,1ClFlat,11,0,0
8017,1ClFlat,13,0,0
8017,1CMAADCL,1,0,0
8017,1CMAADCL,2,0,0
8017,1CMAADCL,3,0,0
8017,1CSPiece,1,26,26.08
8017,1CSPiece,2,0,0
8017,1CSPiece,3,0,0
8017,1CSPiece,3,0,0
8017,OtherCls,1120,0,0
8144,1ClFlat,1,0,0
8144,1ClFlat,2,0,0
8144,1ClFlat,3,0,0
8144,1ClFlat,4,0,0
8144,1ClFlat,5,0,0
8144,1ClFlat,6,0,0
8144,1ClFlat,7,0,0
8144,1ClFlat,8,0,0
8144,1ClFlat,10,0,0
8144,1ClFlat,11,0,0
8144,1ClFlat,12,0,0
8144,1CMAADCL,1,0,0
8144,1CMAADCL,2,0,0
8144,1CMAADCL,3,0,0
8144,1CSPiece,1,0,0
8144,1CSPiece,2,0,0
8144,1CSPiece,3,0,0
8144,1stClNMLtr,3,0,0
8144,PkgSRetG,32,0,0
8144,Priority,16,0,0
9217,1CSPiece,1,1,0.74
8146,NOCLASS,0,0,0
8146,1CMAADCL,1,0,0
8146,1CSPiece,2,0,0
8147,1ClFlat,1,0,0
8147,1ClFlat,2,0,0
8147,1CMAADCL,1,0,0
8147,1CSPiece,1,2,1.48
8147,1CSPiece,2,1,1.03
8148,1ClFlat,2,0,0
8148,1ClFlat,3,0,0
8148,1ClFlat,4,0,0
8148,1ClFlat,5,0,0
8148,1ClFlat,6,0,0
8148,1ClFlat,8,0,0
8148,1CMAADCL,1,0,0
8148,1CMAADCL,2,0,0
8148,1CSPiece,1,0,0
8148,1CSPiece,2,0,0
9125,NOCLASS,0,0,0
9125,1CSPiece,1,0,0
9125,OtherCls,1120,0,0
8164,NOCLASS,0,0,0
8164,1ClFlat,1,0,0
8164,1ClFlat,2,0,0
8164,1ClFlat,3,0,0
8164,1ClFlat,4,0,0
8164,1CNAPres,1,5,3.43
8164,1CNAPres,2,0,0
8164,1CSPiece,1,5,3.7
8164,1CSPiece,2,0,0
8164,OtherCls,1120,0,0
8020,1ClFlat,1,0,0
8020,1ClFlat,2,0,0
8020,1ClFlat,3,0,0
8020,1ClFlat,4,0,0
8020,1ClFlat,5,0,0
8020,1ClFlat,6,0,0
8020,1ClFlat,7,0,0
8020,1ClFlat,8,0,0
8020,1ClFlat,10,0,0
8020,1ClFlat,11,0,0
8020,1ClFlat,12,0,0
8020,1CMAADCL,1,0,0
8020,1CSPiece,1,0,0
8020,1CSPiece,2,0,0
8020,1CSPiece,3,0,0
9134,NOCLASS,4,0,0
9134,NOCLASS,8,0,0
9134,NOCLASS,16,0,0
9134,1ClFlat,1,0,0
9134,1ClFlat,2,1,1.9
9134,1ClFlat,3,0,0
9134,1ClFlat,4,1,2.44
9134,1ClFlat,5,0,0
9134,1ClFlat,6,0,0
9134,1ClFlat,7,0,0
9134,1ClFlat,10,0,0
9134,1ClFlat,11,0,0
9134,1ClFlat,12,0,0
9134,1ClFlat,13,0,0
9134,1CMAADCL,1,0,0
9134,1CMAADCL,2,0,0
9134,1CSPiece,1,5,3.7
9134,1CSPiece,2,0,0
9134,1CSPiece,3,0,0
9134,1stClNMLtr,1,0,0
9134,1stClNMLtr,2,0,0
9134,Int1stFl,3,0,0
9134,Int1stFl,4,0,0
9134,Int1stFl,12,0,0
9134,Int1stLt,1,0,0
9134,Int1stLt,2,0,0
9134,Int1stS,24,0,0
9134,OtherCls,1120,0,0
9134,PkgSRetG,32,0,0
9134,Priority,16,0,0
9109,1CSPiece,1,0,0
9138,NOCLASS,0,0,0
9138,1CSPiece,2,0,0
9138,OtherCls,1120,0,0
8026,NOCLASS,0,0,0
8026,NOCLASS,16,0,0
8026,1CA5DFlt,2,0,0
8026,1CAAADCL,1,0,0
8026,1ClFlat,1,0,0
8026,1ClFlat,2,0,0
8026,1ClFlat,3,0,0
8026,1ClFlat,4,0,0
8026,1ClFlat,5,0,0
8026,1ClFlat,6,0,0
8026,1ClFlat,7,0,0
8026,1ClFlat,8,0,0
8026,1ClFlat,10,0,0
8026,1ClFlat,12,0,0
8026,1CNAPres,1,0,0
8026,1CNAPres,2,0,0
8026,1CSPiece,1,0,0
8026,1CSPiece,2,0,0
8026,1stClNMLtr,1,0,0
8026,OtherCls,1120,0,0
8026,Priority,16,0,0
8026,Priority,32,0,0
8026,Priority,48,0,0
8041,NOCLASS,0,0,0
8041,1CSPiece,1,0,0
8041,OtherCls,1120,0,0
8013,1CMAADCL,1,0,0
8013,1CSPiece,1,0,0
8013,OtherCls,1120,0,0
8012,NOCLASS,0,0,0
8012,OtherCls,1120,0,0
9141,OtherCls,1120,0,0
9158,1CSPiece,1,0,0
9158,1CSPiece,3,0,0
9158,OtherCls,1120,0,0
8278,NOCLASS,0,0,0
8278,1CAAADCL,1,0,0
8278,1ClFlat,1,0,0
8278,1CNAPres,1,0,0
8278,1CSPiece,1,11,8.14
8278,1CSPiece,2,0,0
8278,Int1stLt,1,7,11.9
8278,OtherCls,1120,0,0
8279,NOCLASS,8,0,0
8279,NOCLASS,12,0,0
8279,1CA5DFlt,2,0,0
8279,1CA5DFlt,3,0,0
8279,1ClFlat,2,0,0
8279,1ClFlat,3,0,0
8279,1ClFlat,4,0,0
8279,1ClFlat,5,0,0
8279,1ClFlat,6,0,0
8279,1ClFlat,7,0,0
8279,1ClFlat,11,0,0
8279,1ClFlat,12,0,0
8279,1CMAADCL,1,0,0
8279,1CSPiece,1,0,0
8279,1CSPiece,2,0,0
8279,1stClNMLtr,2,0,0
8279,PkgSRetG,64,0,0
8280,NOCLASS,4,0,0
8280,NOCLASS,8,0,0
8280,NOCLASS,16,0,0
8280,1CA5DFlt,2,0,0
8280,1CA5DFlt,4,0,0
8280,1ClFlat,1,0,0
8280,1ClFlat,2,0,0
8280,1ClFlat,3,0,0
8280,1ClFlat,4,0,0
8280,1ClFlat,8,0,0
8280,1ClFlat,11,0,0
8280,1CMAADCL,1,0,0
8280,1CSPiece,1,5,3.7
8280,1CSPiece,2,0,0
8280,1stClNMLtr,1,0,0
8280,1stClNMLtr,2,0,0
8280,Int1stS,16,0,0
8280,PkgSRetG,64,0,0
8280,Priority,96,0,0
8287,1CA5DFlt,1,0,0
8287,1ClFlat,4,0,0
8287,1ClFlat,5,0,0
8287,1ClFlat,7,0,0
8287,Int1stFl,5,0,0
8298,NOCLASS,0,5,0
8298,1ClFlat,2,0,0
8298,1ClFlat,3,0,0
8298,1ClFlat,4,1,2.44
8298,1ClFlat,5,5,13.6
8297,1CMAADCL,1,0,0
8297,1CMAADCL,2,0,0
8297,1CSPiece,1,0,0
8297,1CSPiece,2,0,0
8297,OtherCls,1120,0,0
5612,1ClFlat,2,0,0
5612,1ClFlat,3,0,0
5612,1CMAADCL,1,0,0
5612,1CMAADCL,2,5,3.36
5612,1CSPiece,1,0,0
5612,1CSPiece,2,0,0
5612,1stClNMLtr,2,0,0
5614,1CSPiece,1,0,0
5614,1CSPiece,2,0,0
5615,1ClFlat,3,0,0
5615,1CMAADCL,1,0,0
5615,1CMAADCL,2,0,0
5615,1CSPiece,1,0,0
5616,1ClFlat,3,0,0
5616,1ClFlat,4,0,0
5616,1CMAADCL,1,0,0
5616,1CMAADCL,2,0,0
5616,1CSPiece,1,0,0
4796,1ClFlat,2,0,0
4796,1ClFlat,3,0,0
4796,1CMAADCL,1,1,0.672
4799,1CMAADCL,2,0,0
4799,1CSPiece,1,0,0
4799,1CSPiece,1,0,0
4799,1CSPiece,2,0,0
4799,Int1stLt,1,0,0
4799,1ClFlat,3,0,0
4799,1ClFlat,5,0,0
4799,1ClFlat,7,0,0
4799,1CMAADCL,1,8,5.376
4799,1CMAADCL,2,13,8.736
4799,1CSPiece,1,0,0
4799,1CSPiece,2,0,0
5396,NOCLASS,0,0,0
5396,NOCLASS,4,0,0
5396,NOCLASS,12,0,0
5396,NOCLASS,16,0,0
5396,1CAAADCL,1,3,1.923
5396,1CAAADCL,2,13,8.333
5396,1CAAADCL,3,0,0
5396,1ClFlat,1,3,33.99
5396,1ClFlat,2,0,0
5396,1ClFlat,3,0,0
5396,1ClFlat,4,1,2.44
5396,1ClFlat,5,0,0
5396,1ClFlat,6,0,0
5396,1ClFlat,7,0,0
5396,1ClFlat,8,1,3.56
5396,1ClFlat,9,0,0
5396,1ClFlat,10,0,0
5396,1ClFlat,11,1,14.14
5396,1ClFlat,12,0,0
5396,1CMAADCL,1,0,0
5396,1CNAPres,1,0,0
5396,1CNAPres,2,0,0
5396,1CNAPres,3,0,0
5396,1CSPiece,1,0,0
5396,1CSPiece,2,0,0
5396,1CSPiece,3,1,1.32
5396,1CSPiece,3,1,1.32
5396,OtherCls,1120,0,0
5396,PkgSRetG,32,0,0
5396,PkgSRetG,48,0,0
5396,PkgSRetG,64,0,0
5396,Priority,16,0,0
5396,Priority,32,0,0
5396,Priority,48,0,0
5396,Priority,96,0,0
5398,NOCLASS,4,0,0
5398,1ClFlat,1,0,0
5398,1ClFlat,2,0,0
5398,1ClFlat,3,0,0
5398,1ClFlat,4,0,0
5398,1ClFlat,8,0,0
5398,1CNAPres,1,0,0
5398,1CNAPres,2,0,0
5398,1CNAPres,3,0,0
5398,1CNAPres,3,0,0
5398,1CSPiece,1,0,0
5398,1CSPiece,2,0,0
5398,1CSPiece,3,0,0
5398,OtherCls,1120,0,0
8304,NOCLASS,0,0,0
8304,1ClFlat,2,0,0
8304,1ClFlat,3,0,0
8304,1ClFlat,4,0,0
8304,1ClFlat,5,0,0
8304,1ClFlat,6,0,0
8304,1ClFlat,7,0,0
8304,1ClFlat,8,0,0
8304,1ClFlat,10,0,0
8304,1CSPiece,1,7,5.18
8304,1CSPiece,2,2,2.06
8304,Int1stLt,1,0,0
8304,OtherCls,1120,0,0
8288,1ClFlat,2,0,0
8288,1ClFlat,3,0,0
8288,1ClFlat,6,0,0
8288,1ClFlat,9,0,0
8288,1CMAADCL,1,0,0
8288,1CSPiece,1,0,0
8291,1ClFlat,2,0,0
8291,1ClFlat,4,0,0
8291,1ClFlat,7,0,0
8291,1CMAADCL,1,0,0
8291,1CMAADCL,2,0,0
8291,1CSPiece,1,0,0
8291,1CSPiece,2,0,0
8291,OtherCls,1120,0,0
8293,1ClFlat,1,0,0
8293,1ClFlat,6,0,0
8293,1CMAADCL,1,0,0
8293,1CSPiece,1,0,0
8300,1ClFlat,9,0,0
8300,1CMAADCL,1,0,0
8300,1CSPiece,1,19,14.06
8285,1ClFlat,3,0,0
8285,1ClFlat,4,0,0
8285,1CMAADCL,1,0,0
8285,1CMAADCL,2,0,0
8285,1CMAADCL,3,0,0
8285,1CSPiece,1,0,0
8285,1CSPiece,2,0,0
8285,1CSPiece,3,0,0
8285,Int1stLt,1,0,0
8285,OtherCls,1120,0,0
8285,Priority,32,0,0
8306,1CMAADCL,1,0,0
8307,NOCLASS,0,0,0
8307,1ClFlat,2,0,0
8307,1ClFlat,3,0,0
8307,1ClFlat,4,0,0
8307,1ClFlat,7,0,0
8307,1ClFlat,8,0,0
8307,1ClFlat,12,0,0
8307,1CMAADCL,1,0,0
8307,1CNAPres,1,0,0
8307,1CSPiece,1,16,11.84
8307,1CSPiece,2,3,3.09
8311,NOCLASS,0,0,0
8311,NOCLASS,4,0,0
8311,NOCLASS,16,0,0
8311,1ClFlat,1,0,0
8311,1ClFlat,2,0,0
8311,1ClFlat,3,0,0
8311,1ClFlat,4,0,0
8311,1ClFlat,5,0,0
8311,1ClFlat,6,0,0
8311,1ClFlat,7,0,0
8311,1ClFlat,8,0,0
8311,1ClFlat,9,0,0
8311,1ClFlat,10,0,0
8311,1ClFlat,11,0,0
8311,1ClFlat,12,0,0
8311,1ClFlat,13,0,0
8311,1CMAADCL,1,0,0
8311,1CMAADCL,2,0,0
8311,1CNAPres,1,0,0
8311,1CSPiece,1,0,0
8311,1CSPiece,2,0,0
8311,1CSPiece,3,0,0
8311,1stClNMLtr,2,0,0
8311,1stClNMLtr,3,0,0
8311,1stClNMLtr,3,0,0
8311,OtherCls,1120,0,0
8311,PkgSRetG,32,0,0
8311,PkgSRetG,48,0,0
8311,Priority,16,0,0
8311,Priority,32,0,0
8311,Priority,48,0,0
8311,Priority,64,0,0
8023,NOCLASS,0,0,0
8023,NOCLASS,4,0,0
8023,NOCLASS,8,0,0
8023,NOCLASS,12,0,0
8023,NOCLASS,16,0,0
8023,1CA5DFlt,1,0,0
8023,1CA5DFlt,2,0,0
8023,1CA5DFlt,3,0,0
8023,1CA5DFlt,4,0,0
8023,1CA5DFlt,5,0,0
8023,1CA5DFlt,6,0,0
8023,1CA5DFlt,7,0,0
8023,1ClFlat,1,13,21.19
8023,1ClFlat,2,2,3.8
8023,1ClFlat,3,0,0
8023,1ClFlat,4,0,0
8023,1ClFlat,5,0,0
8023,1ClFlat,6,0,0
8023,1ClFlat,7,0,0
8023,1ClFlat,8,0,0
8023,1ClFlat,9,0,0
8023,1ClFlat,10,0,0
8023,1ClFlat,11,0,0
8023,1ClFlat,12,0,0
8023,1ClFlat,13,0,0
8023,1CMAADCL,1,263,176.736
8023,1CMAADCL,2,0,0
8023,1CSPiece,1,2,1.48
8023,1CSPiece,2,0,0
8023,1CSPiece,3,0,0
8023,1CSPiece,3,0,0
8023,OtherCls,1120,0,0
8023,PkgSRetG,32,0,0
8023,PkgSRetG,64,0,0
9206,1CSPiece,1,0,0
9206,OtherCls,1120,0,0
8354,NOCLASS,12,0,0
8354,NOCLASS,16,0,0
8354,1ClFlat,1,0,0
8354,1ClFlat,2,0,0
8354,1ClFlat,3,1,2.17
8354,1ClFlat,4,0,0
8354,1ClFlat,5,0,0
8354,1ClFlat,6,0,0
8354,1ClFlat,7,0,0
8354,1ClFlat,8,0,0
8354,1ClFlat,9,0,0
8354,1ClFlat,10,0,0
8354,1ClFlat,11,0,0
8354,1ClFlat,12,2,28.88
8354,1ClFlat,13,0,0
8354,1CNAPres,1,10,6.86
8354,1CNAPres,2,0,0
8354,1CSPiece,1,0,0
8354,1CSPiece,2,0,0
8354,1CSPiece,3,0,0
8354,OtherCls,1120,0,0
8354,PkgSRetG,32,1,11.3
8354,PkgSRetG,48,1,11.7
8354,PkgSRetG,80,0,0
8354,Priority,16,0,0
8354,Priority,32,0,0
8354,Priority,48,0,0
8354,Priority,64,0,0
8354,Priority,80,0,0
8354,Priority,112,0,0
8354,Priority,128,0,0
8354,Priority,144,0,0
8354,Priority,192,0,0
8354,Priority,336,0,0
8006,1CSPiece,1,0,0
8006,OtherCls,1120,0,0
9114,1CSPiece,1,0,0
9114,OtherCls,1120,0,0
9112,1CA5DFlt,1,0,0
9112,1CA5DFlt,2,0,0
9112,1CA5DFlt,3,0,0
9112,1CA5DFlt,4,0,0
9112,1CA5DFlt,5,0,0
9112,1CA5DFlt,7,0,0
9112,1CA5DFlt,8,0,0
9112,1ClFlat,1,0,0
9112,1ClFlat,2,0,0
9112,1ClFlat,3,0,0
9187,NOCLASS,0,16,10.976
9187,1CNAPres,1,0,0
8351,OtherCls,1120,0,0
9146,NOCLASS,0,0,0
9146,1CNAPres,1,0,0
9146,1CSPiece,1,0,0
9146,OtherCls,1120,0,0
9213,1CNAPres,1,0,0
9213,1CNAPres,2,0,0
9213,1CNAPres,3,0,0
9213,OtherCls,1120,0,0
9166,NOCLASS,0,0,0
9166,1CA5DFlt,3,0,0
9166,1CMAADCL,1,0,0
9166,1CNAPres,1,0,0
9166,Int1stFl,3,0,0
9166,OtherCls,1120,0,0
9170,1CNAPres,1,0,0
8365,NOCLASS,0,0,0
8365,1CA5DLet,1,0,0
8365,1CA5DLet,2,0,0
8365,1CAAADCL,1,0,0
8365,1CNAPres,1,0,0
8365,OtherCls,1120,0,0
8366,1CMAADCL,0,0,0
8366,1CMAADCL,1,0,0
8366,OtherCls,1120,0,0
8367,NOCLASS,0,0,0
8367,OtherCls,1120,0,0
8021,NOCLASS,0,0,0
8021,1CNAPres,1,0,0
8021,1CSPiece,1,0,0
9219,NOCLASS,0,0,0
9219,NOCLASS,16,0,0
9219,1CA5DFlt,1,0,0
9219,1CA5DFlt,2,0,0
9219,1CA5DFlt,3,0,0
9219,1CA5DFlt,4,0,0
9219,1CA5DFlt,5,0,0
9219,1CA5DFlt,6,0,0
9219,1CA5DFlt,7,0,0
9219,1CA5DFlt,8,0,0
9219,1CA5DFlt,9,0,0
9219,1CA5DFlt,10,0,0
9219,1CAAADCL,1,0,0
9219,1CAAADCL,2,0,0
9219,1CAAADCL,3,0,0
9219,1ClFlat,3,0,0
9219,1ClFlat,4,0,0
9219,1ClFlat,5,0,0
9219,1ClFlat,7,0,0
9219,1ClFlat,8,0,0
9219,1ClFlat,9,0,0
9219,1ClFlat,10,0,0
9219,1ClFlat,11,0,0
9219,1CSPiece,1,0,0
9219,1CSPiece,2,0,0
9219,1CSPiece,3,0,0
9219,Int1stLt,1,0,0
9219,Int1stLt,2,0,0
9219,Int1stLt,3,0,0
9219,OtherCls,1120,0,0
9087,NOCLASS,0,0,0
9087,NOCLASS,4,0,0
9087,NOCLASS,8,0,0
9087,1ClFlat,2,0,0
9087,1ClFlat,3,0,0
9087,1ClFlat,4,0,0
9087,1ClFlat,5,0,0
9087,1ClFlat,7,0,0
9087,1ClFlat,8,0,0
9087,1ClFlat,10,0,0
9087,1CMAADCL,1,53,35.616
9087,1CMAADCL,2,0,0
9087,1CSPiece,1,0,0
9087,1CSPiece,2,0,0
9087,1CSPiece,3,0,0
9087,1stClNMLtr,2,0,0
9087,1stClNMLtr,3,0,0
9087,OtherCls,1120,0,0
9087,Priority,80,0,0
9168,NOCLASS,0,0,0
9168,1CMAADCL,0,0,0
9168,1CMAADCL,1,0,0
9168,1CSPiece,1,0,0
9168,OtherCls,1120,0,0
8047,1CSPiece,1,0,0
8047,OtherCls,1120,0,0
9330,NOCLASS,0,0,0
9330,1CMAADCL,2,0,0
9330,1CSPiece,1,0,0
9330,1CSPiece,2,0,0
9330,1ClFlat,3,0,0
9330,1ClFlat,5,0,0
9362,NOCLASS,0,0,0
9362,1CNAPres,1,0,0
9362,1CSPiece,1,0,0
3742,1CSPiece,1,1,0.74
3742,PkgSLiSP,96,0,0
9368,NOCLASS,0,0,0
9368,1CA5DFlt,3,0,0
9368,1CA5DFlt,4,0,0
9368,1CA5DFlt,5,0,0
9368,1CA5DFlt,6,0,0
9368,1CA5DFlt,7,0,0
9368,1CA5DFlt,8,0,0
9368,1CA5DFlt,9,0,0
9368,1CA5DFlt,10,0,0
9368,1ClFlat,2,0,0
9368,1ClFlat,3,0,0
9368,1ClFlat,4,0,0
9368,1ClFlat,5,0,0
9368,1ClFlat,9,0,0
9368,1ClFlat,11,0,0
9368,1ClFlat,12,0,0
9368,1ClFlat,13,0,0
9368,1CNAPres,1,13,8.918
9368,1CNAPres,2,277,190.022
9368,1CNAPres,3,0,0
9368,1CSPiece,1,0,0
9368,OtherCls,1120,0,0
9374,NOCLASS,16,0,0
9374,1ClFlat,1,1,1.63
9374,1ClFlat,4,0,0
9374,1ClFlat,7,0,0
9374,1CSPiece,1,0,0
9400,1CMAADCL,1,0,0
9400,1CSPiece,1,0,0
9400,1CSPiece,2,0,0
3809,NOCLASS,0,658,222.95
3809,1CNAPres,1,0,0
3809,1CSPiece,1,0,0
3809,OtherCls,1120,0,0
9437,OtherCls,1120,0,0
9506,1CA5DFlt,4,0,0
9506,1CA5DFlt,7,0,0
9506,1CA5DFlt,8,0,0
9506,1ClFlat,1,0,0
9506,1ClFlat,2,0,0
9506,1ClFlat,3,0,0
9506,1ClFlat,4,0,0
9506,1ClFlat,5,0,0
9506,1ClFlat,6,0,0
9506,1ClFlat,7,0,0
9506,1ClFlat,8,0,0
9506,1ClFlat,9,0,0
9506,1ClFlat,10,0,0
9506,1ClFlat,11,0,0
9506,1ClFlat,12,0,0
9506,1ClFlat,13,0,0
9506,1CNAPres,1,177,121.422
9506,1CNAPres,2,0,0
9506,1CSPiece,1,0,0
9506,1CSPiece,2,0,0
9506,1CSPiece,3,0,0
9506,1stClNMLtr,1,0,0
9506,OtherCls,1120,0,0
9506,PkgSRetG,32,0,0
9506,Priority,32,0,0
9513,NOCLASS,16,0,0
9513,1CA5DFlt,1,0,0
9513,1CA5DFlt,2,0,0
9513,1CA5DFlt,3,0,0
9513,1CA5DFlt,4,0,0
9513,1CA5DFlt,5,0,0
9513,1CA5DFlt,6,1,2.34
9513,1CA5DFlt,7,0,0
9513,1CA5DFlt,8,0,0
9513,1CA5DFlt,9,0,0
9513,1CA5DFlt,10,0,0
9513,1ClFlat,2,0,0
9513,1ClFlat,3,0,0
9513,1ClFlat,4,0,0
9513,1ClFlat,5,0,0
9513,1ClFlat,6,0,0
9513,1ClFlat,7,0,0
9513,1ClFlat,8,0,0
9513,1ClFlat,9,0,0
9513,1ClFlat,11,0,0
9513,1ClFlat,12,0,0
9513,1CNAPres,1,57,39.102
9513,1CNAPres,2,0,0
9513,1CSPiece,1,0,0
9513,1CSPiece,2,0,0
9513,1CSPiece,3,0,0
9513,OtherCls,1120,0,0
9523,NOCLASS,0,0,0
9523,1CA3DPcl,1,0,0
9523,1CA5DFlt,1,0,0
9523,1CA5DFlt,2,0,0
9523,1CA5DFlt,3,0,0
9523,1CA5DFlt,4,0,0
9523,1CA5DFlt,6,0,0
9523,1CA5DFlt,9,0,0
9523,1ClFlat,1,0,0
9523,1ClFlat,2,0,0
9523,1ClFlat,3,0,0
9523,1ClFlat,4,0,0
9523,1ClFlat,5,0,0
9523,1ClFlat,6,0,0
9523,1ClFlat,7,0,0
9523,1ClFlat,8,0,0
9523,1ClFlat,9,0,0
9523,1ClFlat,10,0,0
9523,1ClFlat,11,0,0
9523,1ClFlat,12,0,0
9523,1CNAPres,1,466,319.676
9523,1CNAPres,2,11,7.546
9523,1CNAPres,3,0,0
9523,1CSPiece,1,18,187.92
9523,1CSPiece,2,0,0
9523,1CSPiece,3,0,0
9523,1stClNMLtr,1,0,0
9523,1stClNMLtr,2,0,0
9523,OtherCls,1120,0,0
9518,1CSPiece,1,0,0
9518,OtherCls,1120,0,0
9567,NOCLASS,0,0,0
9567,1CA5DFlt,3,0,0
9567,1CA5DFlt,4,3,5.34
9567,1CA5DFlt,5,2,4.12
9567,1CA5DFlt,6,0,0
9567,1CA5DFlt,7,0,0
9567,1CA5DFlt,8,1,2.9
9567,1CA5DFlt,9,0,0
9567,1CA5DFlt,10,0,0
9567,1ClFlat,2,0,0
9567,1ClFlat,3,0,0
9567,1ClFlat,4,0,0
9567,1ClFlat,5,0,0
9567,1ClFlat,7,0,0
9567,1CNAPres,1,0,0
9567,1CNAPres,2,132,90.552
9567,1CNAPres,3,0,0
9567,1CSPiece,1,63,46.62
9567,1CSPiece,2,0,0
9567,1CSPiece,3,0,0
9567,OtherCls,1120,11,43.401
9568,1CA5DFlt,1,0,0
9568,1CA5DFlt,2,0,0
9568,1CA5DFlt,3,0,0
9568,1ClFlat,2,0,0
9568,1ClFlat,3,0,0
9568,1ClFlat,4,0,0
9568,1ClFlat,6,0,0
9568,1CMAADCL,1,0,0
9568,1CNAPres,1,0,0
9568,1CNAPres,2,0,0
9568,1CSPiece,1,0,0
9568,Int1stFl,2,0,0
9568,Int1stFl,3,0,0
9569,NOCLASS,0,0,0
9569,1ClFlat,4,0,0
9569,1ClFlat,8,0,0
9569,1CNAPres,1,0,0
9569,1CNAPres,2,0,0
9569,1CSPiece,1,0,0
9583,1CAAADCL,2,0,0
9583,1ClFlat,1,0,0
9583,1ClFlat,2,0,0
9583,1ClFlat,3,0,0
9583,1ClFlat,4,0,0
9583,1ClFlat,6,0,0
9583,1ClFlat,8,0,0
9583,1CNAPres,1,83,56.938
9583,1CNAPres,2,0,0
9583,1CSPiece,1,0,0
9583,1CSPiece,2,0,0
9583,1CSPiece,3,0,0
9583,1stClNMLtr,3,0,0
9583,OtherCls,1120,0,0
9634,1ClFlat,3,0,0
9634,1ClFlat,4,0,0
9634,1ClFlat,5,0,0
9634,1ClFlat,6,0,0
9634,1ClFlat,11,0,0
9642,NOCLASS,4,4,30.1
9642,NOCLASS,8,0,0
9642,NOCLASS,16,0,0
9642,1CA5DFlt,1,0,0
9642,1CA5DFlt,2,0,0
9642,1CA5DFlt,3,0,0
9642,1CA5DFlt,4,0,0
9642,1CA5DFlt,5,0,0
9642,1CA5DFlt,6,7,16.38
9642,1CA5DFlt,7,0,0
9642,1CA5DFlt,8,0,0
9642,1CA5DFlt,9,0,0
9642,1CA5DFlt,10,0,0
9642,1CA5DFlt,11,0,0
9642,1CA5DFlt,12,1,4.08
9642,1ClFlat,1,0,0
9642,1ClFlat,2,5,9.5
9642,1ClFlat,3,7,15.19
9642,1ClFlat,4,1,2.44
9642,1ClFlat,5,4,10.88
9642,1ClFlat,6,1,3
9642,1ClFlat,7,0,0
9642,1ClFlat,8,1,3.56
9642,1ClFlat,9,0,0
9642,1ClFlat,10,2,8.28
9642,1ClFlat,11,0,0
9642,1ClFlat,12,0,0
9642,1ClFlat,13,0,0
9642,1CNAPres,1,970,665.42
9642,1CNAPres,2,0,0
9642,1CNAPres,3,0,0
9642,1CNAPres,3,0,0
9642,1CSPiece,1,48,35.39
9642,1CSPiece,2,36,37.08
9642,1CSPiece,3,0,0
9642,1CSPiece,3,0,0
9642,1stClNMLtr,1,0,0
9642,1stClNMLtr,2,0,0
9642,1stClNMLtr,3,0,0
9642,1stClNMLtr,3,0,0
9642,Int1stLt,1,0,0
9642,OtherCls,1120,3,1.5
9642,PkgSRetG,32,0,0
9642,PkgSRetG,48,0,0
9642,PkgSRetG,64,0,0
9642,Priority,16,0,0
9642,Priority,32,0,0
9642,Priority,48,0,0
9642,Priority,64,0,0
9636,NOCLASS,4,0,0
9636,NOCLASS,8,0,0
9636,1CA5DFlt,1,0,0
9636,1CA5DFlt,3,0,0
9636,1CA5DFlt,4,0,0
9636,1CA5DFlt,5,0,0
9636,1ClFlat,1,0,0
9636,1ClFlat,2,0,0
9636,1ClFlat,3,0,0
9636,1ClFlat,4,0,0
9636,1ClFlat,5,0,0
9636,1ClFlat,6,0,0
9636,1ClFlat,7,0,0
9636,1ClFlat,11,0,0
9636,1CSPiece,2,0,0
9636,Int1stFl,1,0,0
9636,OtherCls,1120,0,0
9636,PkgSRetG,32,0,0
9636,PkgSRetG,64,0,0
9652,NOCLASS,4,0,0
9652,NOCLASS,12,0,0
9652,NOCLASS,16,0,0
9652,1CA5DFlt,1,0,0
9652,1CA5DFlt,2,0,0
9652,1CA5DFlt,3,0,0
9652,1CA5DFlt,4,0,0
9652,1CA5DFlt,5,0,0
9652,1CA5DFlt,6,0,0
9652,1CA5DFlt,7,0,0
9652,1CA5DFlt,9,0,0
9652,1ClFlat,1,0,0
9652,1ClFlat,2,4,7.6
9652,1ClFlat,3,0,0
9652,1ClFlat,4,0,0
9652,1ClFlat,5,0,0
9652,1ClFlat,6,0,0
9652,1ClFlat,7,1,3.28
9652,1ClFlat,8,0,0
9652,1ClFlat,9,0,0
9652,1ClFlat,10,0,0
9652,1ClFlat,11,0,0
9652,1ClFlat,12,0,0
9652,1ClFlat,13,0,0
9652,1CNAPres,1,0,0
9652,1CSPiece,1,0,0
9652,1CSPiece,2,0,0
9652,1CSPiece,3,0,0
9652,PkgSRetG,32,0,0
9652,PkgSRetG,48,0,0
9652,Priority,16,0,0
9652,Priority,32,0,0
9652,Priority,1120,0,0
3750,1CA5DFlt,1,0,0
3750,1CA5DFlt,2,0,0
3750,1CA5DFlt,3,10,15.1
3750,1CA5DFlt,4,3,5.34
3750,1CA5DFlt,5,1,2.06
3750,1CA5DFlt,6,4,9.36
3750,1CA5DFlt,7,0,0
3750,1CA5DFlt,8,0,0
3750,1CA5DFlt,9,0,0
3750,1ClFlat,2,0,0
3750,1ClFlat,3,0,0
3750,1ClFlat,4,0,0
3750,1ClFlat,5,0,0
3750,1ClFlat,6,0,0
3750,1ClFlat,8,0,0
9689,NOCLASS,0,0,0
9689,1CNAPres,1,0,0
9689,1CSPiece,1,0,0
9689,1CSPiece,2,0,0
0597,NOCLASS,0,30,20.16
0597,1CMAADCL,0,0,0
0597,1CMAADCL,1,0,0
0597,1CNAPres,1,0,0
0597,1CSPiece,1,0,0
0597,1CSPiece,2,1,1.03
0597,OtherCls,1120,0,0
0623,NOCLASS,0,3113,2091.936
0623,1CMAADCL,0,0,0
0623,1CMAADCL,1,0,0
0623,1CMAADCL,2,0,0
0623,1CSPiece,1,0,0
0605,1ClFlat,1,0,0
0605,1CNAPres,1,0,0
0605,1CSPiece,1,0,0
0605,OtherCls,1120,0,0
0622,NOCLASS,0,0,0
0622,1CA5DFlt,3,0,0
0622,1CA5DFlt,4,0,0
0622,1CA5DFlt,5,0,0
0622,1CA5DFlt,6,0,0
0622,1ClFlat,3,0,0
0622,1ClFlat,4,0,0
0622,1ClFlat,5,0,0
0622,1ClFlat,6,0,0
0622,Int1stFl,3,0,0
0622,Int1stFl,4,0,0
0622,Int1stFl,5,0,0
0622,Int1stFl,6,0,0
0622,Int1stLt,1,0,0
5602,1CMAADCL,1,0,0
5602,1CSPiece,1,0,0
5604,1CMAADCL,1,0,0
5604,1CMAADCL,2,10,6.72
5604,1CMAADCL,3,0,0
5604,1CSPiece,1,0,0
5604,1CSPiece,2,0,0
5604,1CSPiece,3,0,0
5018,NOCLASS,0,0,0
5018,1CA5DFlt,1,0,0
5018,1CA5DFlt,2,0,0
5018,1CA5DFlt,3,0,0
5018,1CA5DFlt,4,0,0
5018,1CA5DFlt,5,0,0
5018,1CA5DFlt,6,0,0
5018,1CA5DFlt,7,0,0
5018,1CA5DFlt,8,0,0
5018,1CA5DFlt,9,0,0
5018,1CA5DFlt,10,0,0
5018,1CA5DFlt,11,0,0
5018,1ClFlat,4,0,0
5018,1ClFlat,5,0,0
5018,1ClFlat,6,0,0
5018,1ClFlat,7,0,0
5018,1ClFlat,8,0,0
5018,1ClFlat,9,0,0
5018,1ClFlat,10,0,0
5018,1ClFlat,11,0,0
5018,1ClFlat,12,0,0
5018,OtherCls,1120,0,0
5019,NOCLASS,0,40,0
5019,NOCLASS,16,1,9.2
5019,1CA5DFlt,1,7,6.79
5019,1CA5DFlt,2,61,75.64
5019,1CA5DFlt,3,15,22.65
5019,1CA5DFlt,4,14,24.92
5019,1CA5DFlt,5,7,14.42
5019,1CA5DFlt,6,8,18.72
5019,1CA5DFlt,7,1,2.62
5019,1CA5DFlt,8,1,2.9
5019,1CA5DFlt,9,0,0
5019,1CA5DFlt,10,0,0
5019,1CA5DFlt,12,0,0
5019,1ClFlat,1,0,0
5019,1ClFlat,2,0,0
5019,1ClFlat,3,0,0
5019,1ClFlat,4,0,0
5019,1ClFlat,5,0,0
5019,1ClFlat,6,0,0
5019,1ClFlat,7,0,0
5019,1ClFlat,8,0,0
5019,1ClFlat,9,0,0
5019,1ClFlat,10,0,0
5019,1ClFlat,11,0,0
5019,1ClFlat,12,0,0
5019,1ClFlat,13,0,0
5019,1CSPiece,1,0,0
5019,1CSPiece,2,0,0
5019,1CSPiece,3,0,0
5019,1CSPiece,3,0,0
5019,OtherCls,1120,1,0.28
5020,NOCLASS,0,0,0
5020,NOCLASS,16,0,0
5020,1CA5DFlt,1,0,0
5020,1CA5DFlt,2,0,0
5020,1CA5DFlt,3,0,0
5020,1CA5DFlt,4,0,0
5020,1CA5DFlt,5,0,0
5020,1CA5DFlt,6,0,0
5020,1CA5DFlt,7,0,0
5020,1CA5DFlt,8,0,0
5020,1CA5DFlt,9,0,0
5020,1CA5DFlt,10,0,0
5020,1CA5DFlt,11,0,0
5020,1CA5DFlt,12,0,0
5020,1ClFlat,1,0,0
5020,1ClFlat,2,0,0
5020,1ClFlat,3,0,0
5020,1ClFlat,4,0,0
5020,1ClFlat,5,0,0
5020,1ClFlat,6,0,0
5020,1ClFlat,7,0,0
5020,1ClFlat,8,0,0
5020,1ClFlat,9,0,0
5020,1ClFlat,10,0,0
5020,1ClFlat,11,0,0
5020,1ClFlat,12,0,0
5020,1ClFlat,13,0,0
5020,1CNAPres,1,0,0
5020,1CSPiece,1,0,0
5020,1CSPiece,2,0,0
5020,PkgSRetG,32,0,0
5020,Priority,16,0,0
5013,1CSPiece,1,0,0
5014,1CNAPres,1,0,0
5014,1CNAPres,3,0,0
5014,1CSPiece,1,0,0
4788,1CMAADCL,1,0,0
5055,NOCLASS,16,0,0
5055,1CA5DFlt,1,0,0
5055,1CA5DFlt,2,0,0
5055,1CA5DFlt,3,0,0
5055,1CA5DFlt,4,0,0
5055,1CA5DFlt,5,0,0
5055,1CA5DFlt,6,0,0
5055,1CA5DFlt,7,0,0
5055,1CA5DFlt,8,0,0
5055,1CA5DFlt,9,0,0
5055,1CA5DFlt,10,0,0
5055,1ClFlat,7,0,0
5055,1ClFlat,8,0,0
5055,1ClFlat,9,0,0
5055,1ClFlat,10,0,0
5055,1ClFlat,11,0,0
5055,1ClFlat,12,0,0
5055,1ClFlat,13,0,0
4789,NOCLASS,4,0,0
4791,1ClFlat,3,0,0
4791,1ClFlat,4,0,0
4791,1CMAADCL,1,0,0
4791,1CSPiece,3,0,0
4791,1CSPiece,0,0,0
4791,Int1stLt,1,0,0
4791,Int1stLt,2,0,0
0738,Int1stLt,1,0,0
3820,OtherCls,1120,0,0
3820,Priority,16,0,0
3820,Priority,32,0,0
3820,Priority,48,0,0
3820,Priority,64,0,0
3820,Priority,80,0,0
3820,Priority,96,0,0
3820,Priority,112,0,0
3820,Priority,256,0,0
3820,Priority,336,0,0
3820,Priority,1120,0,0
3820,Priority,0,228,0
3822,NOCLASS,0,0,0
3822,Int1stLt,1,0,0
3827,1ClFlat,12,0,0
3827,1CSPiece,1,0,0
3827,PkgSLiSP,16,0,0
3827,PkgSLiSP,32,0,0
3827,PkgSLiSP,48,0,0
3827,PkgSLiSP,64,0,0
3827,PkgSLiSP,80,0,0
3827,PkgSLiSP,96,0,0
3827,PkgSLiSP,112,0,0
3827,PkgSLiSP,128,0,0
3827,PkgSLiSP,176,0,0
3815,NOCLASS,0,0,0
3815,1CNAPres,1,0,0
9538,NOCLASS,0,0,0
9538,OtherCls,1120,0,0
4812,1CA5DFlt,3,0,0
4812,1CMAADCL,1,0,0
4814,NOCLASS,0,0,0
4814,1CMAADCL,1,0,0
9543,1CA5DFlt,2,0,0
9543,1CA5DFlt,3,0,0
9543,1CA5DFlt,4,0,0
9543,1CA5DFlt,6,0,0
9543,1CA5DFlt,7,0,0
9543,1CA5DFlt,8,0,0
9543,1CA5DFlt,10,0,0
9543,1ClFlat,2,0,0
9543,1ClFlat,5,0,0
9543,1ClFlat,6,0,0
9543,1ClFlat,7,0,0
9639,NOCLASS,0,0,0
9639,NOCLASS,4,0,0
9639,NOCLASS,8,0,0
9639,NOCLASS,12,0,0
9639,NOCLASS,16,3,27.15
9639,1CA5DFlt,1,76,73.72
9639,1CA5DFlt,2,118,146.32
9639,1CA5DFlt,3,547,825.97
9639,1CA5DFlt,4,93,165.54
9639,1CA5DFlt,5,16,32.96
9639,1CA5DFlt,6,14,32.76
9639,1CA5DFlt,7,5,13.1
9639,1CA5DFlt,8,11,31.9
9639,1CA5DFlt,9,6,19.08
9639,1CA5DFlt,10,0,0
9639,1CA5DFlt,11,0,0
9639,1CA5DFlt,12,0,0
9639,1CA5DFlt,13,0,0
9639,1ClFlat,1,0,0
9639,1ClFlat,2,7,13.3
9639,1ClFlat,3,4,8.68
9639,1ClFlat,4,7,17.08
9639,1ClFlat,5,5,13.6
9639,1ClFlat,6,4,12
9639,1ClFlat,7,4,13.12
9639,1ClFlat,8,0,0
9639,1ClFlat,9,0,0
9639,1ClFlat,10,5,20.7
9639,1ClFlat,11,2,8.88
9639,1ClFlat,12,2,9.48
9639,1ClFlat,13,4,20.16
9639,1CSPiece,1,0,0
9639,1CSPiece,2,0,0
9639,1CSPiece,3,0,0
9639,1CSPiece,3,0,0
9639,Int1stFl,12,0,0
9639,OtherCls,1120,0,0
9639,PkgSLiSP,16,0,0
9639,PkgSRetG,16,0,0
9639,PkgSRetG,32,0,0
9639,PkgSRetG,48,0,0
9639,PkgSRetG,64,0,0
9639,PkgSRetG,96,0,0
9639,PkgSRetG,128,0,0
9639,PkgSRetG,144,0,0
9639,Priority,16,0,0
9639,Priority,32,0,0
9639,Priority,48,0,0
9639,Priority,64,0,0
9639,Priority,112,0,0
9639,Priority,1120,0,0
3834,NOCLASS,0,0,0
0617,NOCLASS,0,0,0
0617,1CA5DFlt,2,0,0
0617,1CA5DFlt,3,0,0
0617,1CA5DFlt,4,0,0
0617,1CA5DFlt,5,0,0
0617,1CA5DFlt,6,0,0
0617,1ClFlat,3,0,0
0617,1ClFlat,6,0,0
0617,1CNAPres,1,0,0
0617,1CNAPres,2,0,0
0617,1CSPiece,2,0,0
0617,OtherCls,1120,0,0
3840,NOCLASS,0,0,0
3840,1ClFlat,1,0,0
3840,1ClFlat,2,0,0
3840,1ClFlat,3,0,0
3840,1ClFlat,4,0,0
3840,1ClFlat,5,0,0
3840,1ClFlat,7,0,0
3840,1ClFlat,8,0,0
3840,1ClFlat,9,0,0
3840,1ClFlat,10,0,0
3840,1CMAADCL,1,0,0
3840,1CMAADCL,2,0,0
3840,1CSPiece,1,0,0
3840,1CSPiece,2,0,0
3840,1CSPiece,3,0,0
3840,1stClNMLtr,1,0,0
3840,1stClNMLtr,2,0,0
3840,OtherCls,1120,0,0
3841,NOCLASS,4,0,0
3841,1ClFlat,2,0,0
3841,1ClFlat,3,0,0
3841,1ClFlat,4,0,0
3841,1CMAADCL,1,0,0
3841,1CMAADCL,2,0,0
3841,1CMAADCL,3,0,0
3841,1CSPiece,1,0,0
3841,1CSPiece,2,0,0
3841,1CSPiece,3,0,0
3841,1CSPiece,3,0,0
3841,PkgSRetG,32,0,0
3842,1CMAADCL,1,0,0
3842,1CSPiece,1,0,0
3842,1CSPiece,2,0,0
3843,1ClFlat,4,0,0
3843,1CSPiece,1,0,0
3843,1CSPiece,2,0,0
3843,Int1stS,16,0,0
3843,PkgSLiSP,16,0,0
3843,PkgSLiSP,32,0,0
3843,PkgSLiSP,80,0,0
3844,NOCLASS,0,0,0
3844,NOCLASS,16,0,0
3844,1ClFlat,1,0,0
3844,1ClFlat,2,0,0
3844,1ClFlat,3,0,0
3844,1ClFlat,4,0,0
3844,1ClFlat,5,0,0
3844,1ClFlat,6,0,0
3844,1ClFlat,7,0,0
3844,1ClFlat,10,0,0
3844,1ClFlat,11,0,0
3844,1ClFlat,12,0,0
3844,1ClFlat,13,0,0
3844,1CMAADCL,1,0,0
3844,1CMAADCL,2,0,0
3844,1CSPiece,1,0,0
3844,1CSPiece,2,0,0
3844,1CSPiece,3,0,0
3844,1CSPiece,3,0,0
3844,Int1stLt,1,0,0
3844,OtherCls,1120,0,0
3844,PkgSRetG,32,0,0
3839,1ClFlat,2,0,0
3839,1CMAADCL,1,0,0
3839,1CSPiece,1,0,0
3839,1CSPiece,2,0,0
3839,1CSPiece,3,0,0
4809,1CMAADCL,1,0,0
4853,1ClFlat,2,0,0
4853,1ClFlat,3,0,0
4853,1CMAADCL,1,46,30.912
4853,1CMAADCL,2,0,0
4853,1CSPiece,1,0,0
4853,1CSPiece,2,0,0
3856,NOCLASS,0,0,0
9643,1ClFlat,6,0,0
9643,1CSPiece,1,0,0
9643,1CSPiece,2,0,0
3862,1CNAPres,1,0,0
9550,OtherCls,1120,0,0
3867,1CA5DFlt,3,0,0
3867,1ClFlat,5,13,35.36
3867,1ClFlat,6,2,6
3867,1CNAPres,1,17,11.662
3867,1CSPiece,1,164,100.04
3867,Int1stFl,3,0,0
3835,NOCLASS,0,0,0
3835,1CA5DFlt,1,0,0
3835,1CA5DFlt,2,0,0
3835,1CA5DFlt,3,0,0
3835,1CA5DFlt,4,0,0
3835,1CA5DFlt,5,0,0
3835,1CA5DFlt,6,0,0
3835,1CA5DFlt,7,0,0
3835,1CA5DFlt,8,0,0
3835,1CA5DFlt,9,0,0
3835,1ClFlat,1,0,0
3835,1ClFlat,3,0,0
3835,1ClFlat,4,0,0
3835,1ClFlat,6,0,0
3835,1ClFlat,9,0,0
3835,1ClFlat,11,0,0
3835,1ClFlat,13,0,0
3835,1CNAPres,1,9,6.174
3835,1CNAPres,2,0,0
3835,PkgSRetG,32,0,0
3870,1CSPiece,1,0,0
3870,Int1stLt,1,0,0
3874,1CSPiece,1,0,0
3874,OtherCls,1120,0,0
3869,1CSPiece,2,0,0
4002,NOCLASS,0,0,0
4002,NOCLASS,8,0,0
4002,NOCLASS,16,0,0
4002,1CA5DFlt,2,0,0
4002,1CA5DFlt,3,0,0
4002,1CA5DFlt,7,0,0
4002,1ClFlat,1,0,0
4002,1ClFlat,2,0,0
4002,1ClFlat,3,0,0
4002,1ClFlat,4,0,0
4002,1ClFlat,5,0,0
4002,1ClFlat,6,0,0
4002,1ClFlat,7,0,0
4002,1ClFlat,8,0,0
4002,1ClFlat,9,0,0
4002,1ClFlat,10,0,0
4002,1ClFlat,13,0,0
4002,1CNAPres,1,0,0
4002,1CNAPres,2,0,0
4002,1CNAPres,3,0,0
4002,1CSPiece,1,0,0
4002,1CSPiece,2,0,0
4002,1CSPiece,3,0,0
4002,OtherCls,1120,0,0
4005,NOCLASS,0,0,0
4005,NOCLASS,4,0,0
4005,NOCLASS,16,0,0
4005,1CA5DFlt,1,4,3.88
4005,1CA5DFlt,2,4,4.96
4005,1CA5DFlt,3,9,13.59
4005,1CA5DFlt,4,1,1.78
4005,1CA5DFlt,5,0,0
4005,1CA5DFlt,6,0,0
4005,1CA5DFlt,7,0,0
4005,1CA5DFlt,8,0,0
4005,1ClFlat,1,0,0
4005,1ClFlat,2,0,0
4005,1ClFlat,3,0,0
4005,1ClFlat,4,0,0
4005,1ClFlat,5,0,0
4005,1ClFlat,6,0,0
4005,1ClFlat,7,0,0
4005,1ClFlat,8,0,0
4005,1ClFlat,9,0,0
4005,1ClFlat,11,0,0
4005,1ClFlat,12,0,0
4005,1ClFlat,13,0,0
4005,1CNAPres,1,0,0
4005,1CNAPres,2,0,0
4005,1CNAPres,3,0,0
4005,1CSPiece,1,0,0
4005,1CSPiece,2,0,0
4005,1CSPiece,3,0,0
4005,1stClNMLtr,1,0,0
4005,1stClNMLtr,2,0,0
4005,1stClNMLtr,3,0,0
4005,1stClNMLtr,3,0,0
4005,OtherCls,1120,0,0
4005,PkgSRetG,32,0,0
4005,Priority,16,0,0
4006,NOCLASS,0,0,0
4006,1CA5DFlt,1,0,0
4006,1CA5DFlt,2,0,0
4006,1CA5DFlt,3,0,0
4006,1CA5DFlt,4,0,0
4006,1CA5DFlt,5,0,0
4006,1CA5DFlt,6,0,0
4006,1CA5DFlt,8,0,0
4006,1ClFlat,1,0,0
4006,1ClFlat,2,0,0
4006,1ClFlat,3,0,0
4006,1ClFlat,4,0,0
4006,1ClFlat,5,0,0
4006,1ClFlat,6,0,0
4006,1ClFlat,8,0,0
4006,1ClFlat,9,0,0
4006,1ClFlat,10,0,0
4006,1ClFlat,12,0,0
4006,1ClFlat,13,0,0
4006,1CNAPres,1,0,0
4006,1CNAPres,2,0,0
4006,1CNAPres,3,0,0
4006,1CSPiece,1,0,0
4006,1CSPiece,2,0,0
4006,1CSPiece,3,0,0
4006,1stClNMLtr,2,0,0
4006,OtherCls,1120,0,0
4007,NOCLASS,0,0,0
4007,NOCLASS,4,0,0
4007,1CA5DFlt,1,0,0
4007,1CA5DFlt,2,0,0
4007,1CA5DFlt,3,0,0
4007,1CA5DFlt,4,0,0
4007,1CA5DFlt,5,0,0
4007,1CA5DFlt,6,0,0
4007,1CA5DFlt,7,0,0
4007,1CA5DFlt,10,0,0
4007,1CA5DFlt,13,0,0
4007,1ClFlat,1,0,0
4007,1ClFlat,2,2,3.8
4007,1ClFlat,3,8,17.36
4007,1ClFlat,4,0,0
4007,1ClFlat,5,0,0
4007,1ClFlat,6,0,0
4007,1ClFlat,7,1,3.28
4007,1ClFlat,8,1,3.56
4007,1ClFlat,9,2,7.68
4007,1ClFlat,10,0,0
4007,1ClFlat,11,0,0
4007,1ClFlat,12,0,0
4007,1ClFlat,13,0,0
4007,1CNAPres,1,0,0
4007,1CNAPres,2,0,0
4007,1CNAPres,3,0,0
4007,1CSPiece,1,0,0
4007,1CSPiece,2,0,0
4007,1CSPiece,3,0,0
4007,1stClNMLtr,1,0,0
4007,1stClNMLtr,2,0,0
4007,1stClNMLtr,3,0,0
4007,1stClNMLtr,3,0,0
4007,OtherCls,1120,0,0
4008,NOCLASS,0,0,0
4008,NOCLASS,4,0,0
4008,NOCLASS,8,0,0
4008,1CA5DFlt,1,0,0
4008,1CA5DFlt,2,0,0
4008,1CA5DFlt,3,0,0
4008,1CA5DFlt,4,1,1.78
4008,1CA5DFlt,5,0,0
4008,1CA5DFlt,6,0,0
4008,1CA5DFlt,7,0,0
4008,1CA5DFlt,8,0,0
4008,1CA5DFlt,10,0,0
4008,1ClFlat,1,1,1.63
4008,1ClFlat,2,5,9.5
4008,1ClFlat,3,2,4.34
4008,1ClFlat,4,0,0
4008,1ClFlat,5,0,0
4008,1ClFlat,6,0,0
4008,1ClFlat,7,0,0
4008,1ClFlat,8,0,0
4008,1ClFlat,9,0,0
4008,1ClFlat,10,0,0
4008,1ClFlat,12,0,0
4008,1ClFlat,13,0,0
4008,1CNAPres,1,0,0
4008,1CNAPres,2,0,0
4008,1CNAPres,3,0,0
4008,1CSPiece,1,0,0
4008,1CSPiece,2,0,0
4008,1CSPiece,3,0,0
4008,1stClNMLtr,2,0,0
4008,OtherCls,1120,0,0
4008,PkgSRetG,32,0,0
4013,NOCLASS,0,0,0
4013,NOCLASS,4,0,0
4013,1CA5DFlt,2,0,0
4013,1CA5DFlt,3,0,0
4013,1CA5DFlt,4,0,0
4013,1CA5DFlt,5,0,0
4013,1CA5DFlt,6,0,0
4013,1CA5DFlt,7,0,0
4013,1CA5DFlt,8,0,0
4013,1ClFlat,1,0,0
4013,1ClFlat,2,0,0
4013,1ClFlat,3,0,0
4013,1ClFlat,4,0,0
4013,1ClFlat,5,0,0
4013,1ClFlat,6,0,0
4013,1ClFlat,7,0,0
4013,1ClFlat,8,0,0
4013,1ClFlat,9,0,0
4013,1ClFlat,10,0,0
4013,1ClFlat,12,0,0
4013,1CNAPres,1,0,0
4013,1CNAPres,2,0,0
4013,1CSPiece,1,0,0
4013,1CSPiece,2,0,0
4013,1CSPiece,3,0,0
4013,1CSPiece,3,0,0
4013,1stClNMLtr,1,0,0
4013,OtherCls,1120,0,0
4013,PkgSRetG,32,0,0
4013,Priority,16,0,0
4013,Priority,32,0,0
4013,Priority,48,0,0
4014,NOCLASS,0,0,0
4014,NOCLASS,4,0,0
4014,1CA5DFlt,3,0,0
4014,1CA5DFlt,5,0,0
4014,1ClFlat,1,0,0
4014,1ClFlat,2,0,0
4014,1ClFlat,3,0,0
4014,1ClFlat,4,0,0
4014,1ClFlat,5,0,0
4014,1ClFlat,6,0,0
4014,1ClFlat,7,0,0
4014,1ClFlat,8,0,0
4014,1ClFlat,9,0,0
4014,1ClFlat,10,0,0
4014,1ClFlat,11,0,0
4014,1ClFlat,12,0,0
4014,1CNAPres,1,0,0
4014,1CNAPres,2,0,0
4014,1CSPiece,1,0,0
4014,1CSPiece,2,0,0
4014,1CSPiece,3,0,0
4014,1CSPiece,3,0,0
4014,OtherCls,1120,0,0
4015,1CNAPres,1,0,0
4015,1CNAPres,2,0,0
4015,1CSPiece,1,0,0
4015,1CSPiece,2,0,0
4015,1CSPiece,3,0,0
4015,1CSPiece,3,0,0
3879,NOCLASS,0,0,0
3879,1CSPiece,1,0,0
3879,1CSPiece,2,0,0
3879,OtherCls,1120,0,0
3687,NOCLASS,0,0,0
3687,1CMAADCL,1,0,0
3687,1CMAADCL,2,0,0
3687,1CSPiece,1,0,0
3880,1CSPiece,1,0,0
3878,1CSPiece,1,0,0
3885,NOCLASS,0,0,0
3885,1CNAPres,1,0,0
3882,Int1stLt,1,0,0
3889,NOCLASS,0,0,0
3859,NOCLASS,0,0,0
3859,Int1stLt,1,0,0
4050,1CA5DFlt,2,0,0
4050,1CA5DFlt,3,0,0
4050,1CAAADCL,1,0,0
4050,1ClFlat,3,0,0
4050,1ClFlat,4,0,0
4050,1ClFlat,6,0,0
4054,1CA5DFlt,2,0,0
4054,1CA5DFlt,3,0,0
4056,1CAAADCL,1,0,0
4056,OtherCls,1120,0,0
4059,1CAAADCL,1,0,0
4062,NOCLASS,12,0,0
4062,1CA5DFlt,2,0,0
4062,1CA5DFlt,3,0,0
4062,1CA5DFlt,4,0,0
4062,1CA5DFlt,5,0,0
4062,1CAAADCL,1,0,0
4062,1ClFlat,3,0,0
4062,1ClFlat,4,0,0
4063,1CAAADCL,1,0,0
4064,NOCLASS,16,0,0
4064,1ClFlat,2,0,0
4064,1ClFlat,3,0,0
4064,1ClFlat,4,0,0
4064,PkgSRetG,32,0,0
4065,1ClFlat,3,0,0
4065,1CSPiece,3,0,0
4076,1ClFlat,6,0,0
4076,1ClFlat,11,0,0
4080,1CAAADCL,1,0,0
4081,1CA5DFlt,5,0,0
4081,1CA5DFlt,11,0,0
4083,1CAAADCL,1,0,0
4083,OtherCls,1120,0,0
4085,1CAAADCL,1,0,0
4085,1CSPiece,1,0,0
4085,1CSPiece,2,0,0
4086,1CA5DFlt,2,0,0
4086,1CA5DFlt,3,0,0
4086,1CA5DFlt,4,0,0
4086,1CA5DFlt,5,0,0
4086,1CAAADCL,1,0,0
4086,1CSPiece,1,0,0
4087,1CA5DFlt,2,0,0
4087,1CAAADCL,1,0,0
4087,OtherCls,1120,0,0
4088,1CAAADCL,1,0,0
4089,1CA5DFlt,2,0,0
4089,1CA5DFlt,3,0,0
4089,1CAAADCL,1,0,0
4089,1CSPiece,1,0,0
4094,1ClFlat,11,0,0
4094,1ClFlat,12,0,0
4098,1CAAADCL,1,0,0
4099,1CAAADCL,1,0,0
4103,1CAAADCL,1,0,0
4104,1ClFlat,1,0,0
4106,1CAAADCL,1,0,0
4109,1CAAADCL,1,0,0
3895,NOCLASS,0,0,0
2000,1CA5DFlt,3,0,0
2000,1CA5DFlt,4,0,0
2000,1CA5DFlt,5,0,0
2000,1CA5DFlt,6,0,0
2000,1CA5DFlt,7,0,0
2000,1CA5DFlt,8,0,0
2000,1CA5DFlt,9,0,0
2000,1ClFlat,10,0,0
2001,1CA5DFlt,4,0,0
2001,1CA5DFlt,5,0,0
2001,1CA5DFlt,6,0,0
2001,1ClFlat,3,1,2.17
2004,1CA5DFlt,4,0,0
2004,1CA5DFlt,8,0,0
2042,1CA5DFlt,3,0,0
2042,1CA5DFlt,4,0,0
2044,1CA5DFlt,3,0,0
2044,1CA5DFlt,4,0,0
2044,1CA5DFlt,5,0,0
2044,1CA5DFlt,6,0,0
2044,1CA5DFlt,11,0,0
2056,1CA5DFlt,1,0,0
2056,1CA5DFlt,2,1,1.24
2056,1CA5DFlt,3,664,1002.64
2056,1CA5DFlt,4,12,21.36
2056,1CA5DFlt,5,2,4.12
2056,1CA5DFlt,6,4,9.36
2056,1CA5DFlt,7,3,7.86
2056,1CA5DFlt,8,1,2.9
2056,1CA5DFlt,9,1,3.18
2056,1CA5DFlt,10,2,6.96
2069,1CA5DFlt,3,0,0
2069,1CA5DFlt,4,0,0
2073,1CA5DFlt,3,19,28.69
2073,1CA5DFlt,4,1,1.78
2073,1CA5DFlt,5,1,2.06
2074,1CA5DFlt,3,73,110.23
2074,1CA5DFlt,4,1,1.78
2075,1CA5DFlt,3,0,0
2083,1CA5DFlt,4,0,0
2087,1CA5DFlt,3,0,0
2092,1CA5DFlt,4,4,7.12
2092,1CA5DFlt,7,0,0
2097,1CA5DFlt,2,13,16.12
2097,1CA5DFlt,3,252,380.52
2097,1CA5DFlt,5,3,6.18
2098,1CA5DFlt,2,2,2.48
2098,1CA5DFlt,3,403,608.53
2098,1CA5DFlt,5,7,14.42
2116,1CA5DFlt,3,0,0
2122,1CA5DFlt,2,0,0
2122,1CA5DFlt,3,0,0
2129,1CA5DFlt,3,0,0
2135,1CA5DFlt,3,0,0
2169,1CA5DFlt,2,2,2.48
2169,1CA5DFlt,3,2,3.02
2169,1CA5DFlt,6,1,2.34
2171,1CA5DFlt,2,2,2.48
2171,1CA5DFlt,3,6,9.06
2171,1CA5DFlt,4,1,1.78
2171,1CA5DFlt,9,1,3.18
2173,1CA5DFlt,3,1,1.51
2191,1CA5DFlt,2,4,4.96
2191,1CA5DFlt,3,5,7.55
2191,1CA5DFlt,4,3,5.34
2191,1CA5DFlt,5,2,4.12
2191,1CA5DFlt,6,1,2.34
2197,1CA5DFlt,2,1,1.24
2207,1CA5DFlt,3,2,3.02
2207,1CA5DFlt,4,1,1.78
2207,1CA5DFlt,6,2,4.68
2207,1CA5DFlt,7,4,10.48
2211,1CA5DFlt,4,2,3.56
2211,1CA5DFlt,5,16,32.96
2211,1CA5DFlt,6,18,42.12
2211,1CA5DFlt,7,12,31.44
2211,1CA5DFlt,8,28,81.2
2213,1CA5DFlt,2,8,9.92
2213,1CA5DFlt,3,7,10.57
2213,1CA5DFlt,4,2,3.56
2213,1CA5DFlt,7,1,2.62
2213,1CA5DFlt,9,1,3.18
2213,1ClFlat,13,1,5.04
2232,1CA5DFlt,3,1,1.51
2232,1CA5DFlt,4,1,1.78
2232,1CA5DFlt,5,2,4.12
2232,1CA5DFlt,6,1,2.34
2243,1CA5DFlt,2,12,14.88
2243,1CA5DFlt,3,30,45.3
2243,1CA5DFlt,4,8,14.24
2243,1CA5DFlt,5,4,8.24
2243,1CA5DFlt,6,2,4.68
2243,1CA5DFlt,13,5,21.9
2243,1ClFlat,10,1,4.14
2243,1ClFlat,11,1,4.44
2243,1ClFlat,13,1,5.04
2255,1CA5DFlt,3,1,1.51
2255,1CA5DFlt,4,1,1.78
2256,1CA5DFlt,2,49,60.76
2256,1CA5DFlt,3,3,4.53
2256,1CA5DFlt,4,9,16.02
2256,1CA5DFlt,5,102,210.12
2256,1CA5DFlt,6,18,42.12
2256,1CA5DFlt,7,13,34.06
2256,1CA5DFlt,8,3,8.7
2256,1CA5DFlt,9,6,19.08
2256,1CA5DFlt,10,9,31.32
2256,1CA5DFlt,11,2,7.56
2256,1CA5DFlt,12,1,4.08
2256,1ClFlat,2,1,1.9
2256,1ClFlat,3,2,4.34
2256,1ClFlat,5,2,5.44
2256,1ClFlat,6,4,12
2256,1ClFlat,7,1,3.28
2256,1ClFlat,8,1,3.56
2256,1ClFlat,9,4,15.36
2256,1ClFlat,10,2,8.28
2256,1ClFlat,11,20,88.8
2256,1ClFlat,12,17,80.58
2256,1ClFlat,13,3,15.12
2256,OtherCls,1120,7,3.42
2261,1CA5DFlt,2,3,3.72
2261,1CA5DFlt,3,1,1.51
2261,1CA5DFlt,5,1,2.06
2262,1CA5DFlt,2,6,7.44
2262,1CA5DFlt,3,7,10.57
2262,1CA5DFlt,4,1,1.78
2262,1CA5DFlt,6,1,2.34
2262,1CA5DFlt,9,1,3.18
2266,1CA5DFlt,2,2,2.48
2266,1CA5DFlt,3,5,7.55
2266,1CA5DFlt,8,1,2.9
2267,1ClFlat,2,1,1.9
