effective_date,source_file_name,row_type,weight_unit,weight_max,zone,label,price
2026-04-07,USPS Ground Advantage Retail.csv,note,,,,Retail,
2026-04-07,USPS Ground Advantage Retail.csv,matrix,oz,4.0,1,,7.9
2026-04-07,USPS Ground Advantage Retail.csv,matrix,oz,4.0,2,,8.05
2026-04-07,USPS Ground Advantage Retail.csv,matrix,oz,4.0,3,,8.15
2026-04-07,USPS Ground Advantage Retail.csv,matrix,oz,4.0,4,,8.3
2026-04-07,USPS Ground Advantage Retail.csv,matrix,oz,4.0,5,,8.6
2026-04-07,USPS Ground Advantage Retail.csv,matrix,oz,4.0,6,,8.75
2026-04-07,USPS Ground Advantage Retail.csv,matrix,oz,4.0,7,,8.95
2026-04-07,USPS Ground Advantage Retail.csv,matrix,oz,4.0,8,,9.45
2026-04-07,USPS Ground Advantage Retail.csv,matrix,oz,4.0,9,,9.45
2026-04-07,USPS Ground Advantage Retail.csv,matrix,oz,8.0,1,,7.9
2026-04-07,USPS Ground Advantage Retail.csv,matrix,oz,8.0,2,,8.05
2026-04-07,USPS Ground Advantage Retail.csv,matrix,oz,8.0,3,,8.15
2026-04-07,USPS Ground Advantage Retail.csv,matrix,oz,8.0,4,,8.3
2026-04-07,USPS Ground Advantage Retail.csv,matrix,oz,8.0,5,,8.6
2026-04-07,USPS Ground Advantage Retail.csv,matrix,oz,8.0,6,,8.75
2026-04-07,USPS Ground Advantage Retail.csv,matrix,oz,8.0,7,,8.95
2026-04-07,USPS Ground Advantage Retail.csv,matrix,oz,8.0,8,,9.45
2026-04-07,USPS Ground Advantage Retail.csv,matrix,oz,8.0,9,,9.45
2026-04-07,USPS Ground Advantage Retail.csv,matrix,oz,12.0,1,,9.55
2026-04-07,USPS Ground Advantage Retail.csv,matrix,oz,12.0,2,,9.95
2026-04-07,USPS Ground Advantage Retail.csv,matrix,oz,12.0,3,,10.2
2026-04-07,USPS Ground Advantage Retail.csv,matrix,oz,12.0,4,,10.6
2026-04-07,USPS Ground Advantage Retail.csv,matrix,oz,12.0,5,,10.95
2026-04-07,USPS Ground Advantage Retail.csv,matrix,oz,12.0,6,,11.35
2026-04-07,USPS Ground Advantage Retail.csv,matrix,oz,12.0,7,,11.95
2026-04-07,USPS Ground Advantage Retail.csv,matrix,oz,12.0,8,,12.9
2026-04-07,USPS Ground Advantage Retail.csv,matrix,oz,12.0,9,,12.9
2026-04-07,USPS Ground Advantage Retail.csv,matrix,oz,15.999,1,,9.55
2026-04-07,USPS Ground Advantage Retail.csv,matrix,oz,15.999,2,,9.95
2026-04-07,USPS Ground Advantage Retail.csv,matrix,oz,15.999,3,,10.2
2026-04-07,USPS Ground Advantage Retail.csv,matrix,oz,15.999,4,,10.6
2026-04-07,USPS Ground Advantage Retail.csv,matrix,oz,15.999,5,,10.95
2026-04-07,USPS Ground Advantage Retail.csv,matrix,oz,15.999,6,,11.35
2026-04-07,USPS Ground Advantage Retail.csv,matrix,oz,15.999,7,,11.95
2026-04-07,USPS Ground Advantage Retail.csv,matrix,oz,15.999,8,,12.9
2026-04-07,USPS Ground Advantage Retail.csv,matrix,oz,15.999,9,,12.9
2026-04-07,USPS Ground Advantage Retail.csv,matrix,lb,1.0,1,,9.55
2026-04-07,USPS Ground Advantage Retail.csv,matrix,lb,1.0,2,,9.95
2026-04-07,USPS Ground Advantage Retail.csv,matrix,lb,1.0,3,,10.2
2026-04-07,USPS Ground Advantage Retail.csv,matrix,lb,1.0,4,,10.6
2026-04-07,USPS Ground Advantage Retail.csv,matrix,lb,1.0,5,,10.95
2026-04-07,USPS Ground Advantage Retail.csv,matrix,lb,1.0,6,,11.35
2026-04-07,USPS Ground Advantage Retail.csv,matrix,lb,1.0,7,,11.95
2026-04-07,USPS Ground Advantage Retail.csv,matrix,lb,1.0,8,,12.9
2026-04-07,USPS Ground Advantage Retail.csv,matrix,lb,1.0,9,,12.9
2026-04-07,USPS Ground Advantage Retail.csv,matrix,lb,2.0,1,,10.8
2026-04-07,USPS Ground Advantage Retail.csv,matrix,lb,2.0,2,,11.5
2026-04-07,USPS Ground Advantage Retail.csv,matrix,lb,2.0,3,,12.2
2026-04-07,USPS Ground Advantage Retail.csv,matrix,lb,2.0,4,,13.0
2026-04-07,USPS Ground Advantage Retail.csv,matrix,lb,2.0,5,,14.1
2026-04-07,USPS Ground Advantage Retail.csv,matrix,lb,2.0,6,,15.1
2026-04-07,USPS Ground Advantage Retail.csv,matrix,lb,2.0,7,,16.45
2026-04-07,USPS Ground Advantage Retail.csv,matrix,lb,2.0,8,,19.05
2026-04-07,USPS Ground Advantage Retail.csv,matrix,lb,2.0,9,,19.05
2026-04-07,USPS Ground Advantage Retail.csv,matrix,lb,3.0,1,,11.3
2026-04-07,USPS Ground Advantage Retail.csv,matrix,lb,3.0,2,,12.0
2026-04-07,USPS Ground Advantage Retail.csv,matrix,lb,3.0,3,,12.65
2026-04-07,USPS Ground Advantage Retail.csv,matrix,lb,3.0,4,,13.7
2026-04-07,USPS Ground Advantage Retail.csv,matrix,lb,3.0,5,,14.95
2026-04-07,USPS Ground Advantage Retail.csv,matrix,lb,3.0,6,,16.45
2026-04-07,USPS Ground Advantage Retail.csv,matrix,lb,3.0,7,,18.95
2026-04-07,USPS Ground Advantage Retail.csv,matrix,lb,3.0,8,,22.4
2026-04-07,USPS Ground Advantage Retail.csv,matrix,lb,3.0,9,,22.4
2026-04-07,USPS Ground Advantage Retail.csv,matrix,lb,4.0,1,,12.25
2026-04-07,USPS Ground Advantage Retail.csv,matrix,lb,4.0,2,,12.75
2026-04-07,USPS Ground Advantage Retail.csv,matrix,lb,4.0,3,,13.65
2026-04-07,USPS Ground Advantage Retail.csv,matrix,lb,4.0,4,,14.85
2026-04-07,USPS Ground Advantage Retail.csv,matrix,lb,4.0,5,,16.4
2026-04-07,USPS Ground Advantage Retail.csv,matrix,lb,4.0,6,,18.3
2026-04-07,USPS Ground Advantage Retail.csv,matrix,lb,4.0,7,,20.9
2026-04-07,USPS Ground Advantage Retail.csv,matrix,lb,4.0,8,,24.25
2026-04-07,USPS Ground Advantage Retail.csv,matrix,lb,4.0,9,,24.25
2026-04-07,USPS Ground Advantage Retail.csv,matrix,lb,5.0,1,,12.95
2026-04-07,USPS Ground Advantage Retail.csv,matrix,lb,5.0,2,,13.55
2026-04-07,USPS Ground Advantage Retail.csv,matrix,lb,5.0,3,,14.55
2026-04-07,USPS Ground Advantage Retail.csv,matrix,lb,5.0,4,,15.8
2026-04-07,USPS Ground Advantage Retail.csv,matrix,lb,5.0,5,,17.45
2026-04-07,USPS Ground Advantage Retail.csv,matrix,lb,5.0,6,,19.6
2026-04-07,USPS Ground Advantage Retail.csv,matrix,lb,5.0,7,,22.4
2026-04-07,USPS Ground Advantage Retail.csv,matrix,lb,5.0,8,,26.05
2026-04-07,USPS Ground Advantage Retail.csv,matrix,lb,5.0,9,,26.05
2026-04-07,USPS Ground Advantage Retail.csv,matrix,lb,6.0,1,,13.5
2026-04-07,USPS Ground Advantage Retail.csv,matrix,lb,6.0,2,,13.9
2026-04-07,USPS Ground Advantage Retail.csv,matrix,lb,6.0,3,,14.85
2026-04-07,USPS Ground Advantage Retail.csv,matrix,lb,6.0,4,,16.35
2026-04-07,USPS Ground Advantage Retail.csv,matrix,lb,6.0,5,,18.4
2026-04-07,USPS Ground Advantage Retail.csv,matrix,lb,6.0,6,,21.05
2026-04-07,USPS Ground Advantage Retail.csv,matrix,lb,6.0,7,,24.35
2026-04-07,USPS Ground Advantage Retail.csv,matrix,lb,6.0,8,,28.35
2026-04-07,USPS Ground Advantage Retail.csv,matrix,lb,6.0,9,,28.35
2026-04-07,USPS Ground Advantage Retail.csv,matrix,lb,7.0,1,,14.0
2026-04-07,USPS Ground Advantage Retail.csv,matrix,lb,7.0,2,,14.4
2026-04-07,USPS Ground Advantage Retail.csv,matrix,lb,7.0,3,,15.4
2026-04-07,USPS Ground Advantage Retail.csv,matrix,lb,7.0,4,,17.1
2026-04-07,USPS Ground Advantage Retail.csv,matrix,lb,7.0,5,,19.45
2026-04-07,USPS Ground Advantage Retail.csv,matrix,lb,7.0,6,,22.55
2026-04-07,USPS Ground Advantage Retail.csv,matrix,lb,7.0,7,,26.25
2026-04-07,USPS Ground Advantage Retail.csv,matrix,lb,7.0,8,,30.6
2026-04-07,USPS Ground Advantage Retail.csv,matrix,lb,7.0,9,,30.6
2026-04-07,USPS Ground Advantage Retail.csv,matrix,lb,8.0,1,,14.6
2026-04-07,USPS Ground Advantage Retail.csv,matrix,lb,8.0,2,,14.85
2026-04-07,USPS Ground Advantage Retail.csv,matrix,lb,8.0,3,,15.8
2026-04-07,USPS Ground Advantage Retail.csv,matrix,lb,8.0,4,,17.65
2026-04-07,USPS Ground Advantage Retail.csv,matrix,lb,8.0,5,,20.4
2026-04-07,USPS Ground Advantage Retail.csv,matrix,lb,8.0,6,,24.1
2026-04-07,USPS Ground Advantage Retail.csv,matrix,lb,8.0,7,,28.45
2026-04-07,USPS Ground Advantage Retail.csv,matrix,lb,8.0,8,,33.15
2026-04-07,USPS Ground Advantage Retail.csv,matrix,lb,8.0,9,,33.15
2026-04-07,USPS Ground Advantage Retail.csv,matrix,lb,9.0,1,,15.1
2026-04-07,USPS Ground Advantage Retail.csv,matrix,lb,9.0,2,,15.4
2026-04-07,USPS Ground Advantage Retail.csv,matrix,lb,9.0,3,,16.25
2026-04-07,USPS Ground Advantage Retail.csv,matrix,lb,9.0,4,,18.3
2026-04-07,USPS Ground Advantage Retail.csv,matrix,lb,9.0,5,,21.4
2026-04-07,USPS Ground Advantage Retail.csv,matrix,lb,9.0,6,,25.55
2026-04-07,USPS Ground Advantage Retail.csv,matrix,lb,9.0,7,,30.75
2026-04-07,USPS Ground Advantage Retail.csv,matrix,lb,9.0,8,,35.7
2026-04-07,USPS Ground Advantage Retail.csv,matrix,lb,9.0,9,,35.7
2026-04-07,USPS Ground Advantage Retail.csv,matrix,lb,10.0,1,,15.95
2026-04-07,USPS Ground Advantage Retail.csv,matrix,lb,10.0,2,,16.3
2026-04-07,USPS Ground Advantage Retail.csv,matrix,lb,10.0,3,,17.25
2026-04-07,USPS Ground Advantage Retail.csv,matrix,lb,10.0,4,,19.4
2026-04-07,USPS Ground Advantage Retail.csv,matrix,lb,10.0,5,,22.85
2026-04-07,USPS Ground Advantage Retail.csv,matrix,lb,10.0,6,,27.5
2026-04-07,USPS Ground Advantage Retail.csv,matrix,lb,10.0,7,,33.3
2026-04-07,USPS Ground Advantage Retail.csv,matrix,lb,10.0,8,,39.45
2026-04-07,USPS Ground Advantage Retail.csv,matrix,lb,10.0,9,,39.45
2026-04-07,USPS Ground Advantage Retail.csv,matrix,lb,11.0,1,,16.75
2026-04-07,USPS Ground Advantage Retail.csv,matrix,lb,11.0,2,,17.3
2026-04-07,USPS Ground Advantage Retail.csv,matrix,lb,11.0,3,,18.15
2026-04-07,USPS Ground Advantage Retail.csv,matrix,lb,11.0,4,,20.4
2026-04-07,USPS Ground Advantage Retail.csv,matrix,lb,11.0,5,,24.2
2026-04-07,USPS Ground Advantage Retail.csv,matrix,lb,11.0,6,,29.45
2026-04-07,USPS Ground Advantage Retail.csv,matrix,lb,11.0,7,,35.95
2026-04-07,USPS Ground Advantage Retail.csv,matrix,lb,11.0,8,,43.3
2026-04-07,USPS Ground Advantage Retail.csv,matrix,lb,11.0,9,,43.3
2026-04-07,USPS Ground Advantage Retail.csv,matrix,lb,12.0,1,,17.45
2026-04-07,USPS Ground Advantage Retail.csv,matrix,lb,12.0,2,,17.85
2026-04-07,USPS Ground Advantage Retail.csv,matrix,lb,12.0,3,,18.65
2026-04-07,USPS Ground Advantage Retail.csv,matrix,lb,12.0,4,,21.3
2026-04-07,USPS Ground Advantage Retail.csv,matrix,lb,12.0,5,,25.4
2026-04-07,USPS Ground Advantage Retail.csv,matrix,lb,12.0,6,,31.25
2026-04-07,USPS Ground Advantage Retail.csv,matrix,lb,12.0,7,,38.65
2026-04-07,USPS Ground Advantage Retail.csv,matrix,lb,12.0,8,,46.5
2026-04-07,USPS Ground Advantage Retail.csv,matrix,lb,12.0,9,,46.5
2026-04-07,USPS Ground Advantage Retail.csv,matrix,lb,13.0,1,,18.2
2026-04-07,USPS Ground Advantage Retail.csv,matrix,lb,13.0,2,,18.5
2026-04-07,USPS Ground Advantage Retail.csv,matrix,lb,13.0,3,,19.15
2026-04-07,USPS Ground Advantage Retail.csv,matrix,lb,13.0,4,,21.75
2026-04-07,USPS Ground Advantage Retail.csv,matrix,lb,13.0,5,,26.4
2026-04-07,USPS Ground Advantage Retail.csv,matrix,lb,13.0,6,,33.1
2026-04-07,USPS Ground Advantage Retail.csv,matrix,lb,13.0,7,,41.7
2026-04-07,USPS Ground Advantage Retail.csv,matrix,lb,13.0,8,,51.0
2026-04-07,USPS Ground Advantage Retail.csv,matrix,lb,13.0,9,,51.0
2026-04-07,USPS Ground Advantage Retail.csv,matrix,lb,14.0,1,,18.95
2026-04-07,USPS Ground Advantage Retail.csv,matrix,lb,14.0,2,,19.05
2026-04-07,USPS Ground Advantage Retail.csv,matrix,lb,14.0,3,,19.65
2026-04-07,USPS Ground Advantage Retail.csv,matrix,lb,14.0,4,,22.55
2026-04-07,USPS Ground Advantage Retail.csv,matrix,lb,14.0,5,,27.8
2026-04-07,USPS Ground Advantage Retail.csv,matrix,lb,14.0,6,,35.25
2026-04-07,USPS Ground Advantage Retail.csv,matrix,lb,14.0,7,,44.8
2026-04-07,USPS Ground Advantage Retail.csv,matrix,lb,14.0,8,,54.9
2026-04-07,USPS Ground Advantage Retail.csv,matrix,lb,14.0,9,,54.9
2026-04-07,USPS Ground Advantage Retail.csv,matrix,lb,15.0,1,,19.65
2026-04-07,USPS Ground Advantage Retail.csv,matrix,lb,15.0,2,,19.75
2026-04-07,USPS Ground Advantage Retail.csv,matrix,lb,15.0,3,,20.4
2026-04-07,USPS Ground Advantage Retail.csv,matrix,lb,15.0,4,,23.2
2026-04-07,USPS Ground Advantage Retail.csv,matrix,lb,15.0,5,,28.95
2026-04-07,USPS Ground Advantage Retail.csv,matrix,lb,15.0,6,,36.75
2026-04-07,USPS Ground Advantage Retail.csv,matrix,lb,15.0,7,,46.65
2026-04-07,USPS Ground Advantage Retail.csv,matrix,lb,15.0,8,,57.35
2026-04-07,USPS Ground Advantage Retail.csv,matrix,lb,15.0,9,,57.35
2026-04-07,USPS Ground Advantage Retail.csv,matrix,lb,16.0,1,,20.4
2026-04-07,USPS Ground Advantage Retail.csv,matrix,lb,16.0,2,,20.55
2026-04-07,USPS Ground Advantage Retail.csv,matrix,lb,16.0,3,,21.2
2026-04-07,USPS Ground Advantage Retail.csv,matrix,lb,16.0,4,,24.3
2026-04-07,USPS Ground Advantage Retail.csv,matrix,lb,16.0,5,,30.2
2026-04-07,USPS Ground Advantage Retail.csv,matrix,lb,16.0,6,,38.25
2026-04-07,USPS Ground Advantage Retail.csv,matrix,lb,16.0,7,,48.5
2026-04-07,USPS Ground Advantage Retail.csv,matrix,lb,16.0,8,,59.9
2026-04-07,USPS Ground Advantage Retail.csv,matrix,lb,16.0,9,,59.9
2026-04-07,USPS Ground Advantage Retail.csv,matrix,lb,17.0,1,,21.15
2026-04-07,USPS Ground Advantage Retail.csv,matrix,lb,17.0,2,,21.4
2026-04-07,USPS Ground Advantage Retail.csv,matrix,lb,17.0,3,,21.9
2026-04-07,USPS Ground Advantage Retail.csv,matrix,lb,17.0,4,,25.4
2026-04-07,USPS Ground Advantage Retail.csv,matrix,lb,17.0,5,,31.45
2026-04-07,USPS Ground Advantage Retail.csv,matrix,lb,17.0,6,,39.95
2026-04-07,USPS Ground Advantage Retail.csv,matrix,lb,17.0,7,,50.8
2026-04-07,USPS Ground Advantage Retail.csv,matrix,lb,17.0,8,,62.85
2026-04-07,USPS Ground Advantage Retail.csv,matrix,lb,17.0,9,,62.85
2026-04-07,USPS Ground Advantage Retail.csv,matrix,lb,18.0,1,,21.85
2026-04-07,USPS Ground Advantage Retail.csv,matrix,lb,18.0,2,,22.1
2026-04-07,USPS Ground Advantage Retail.csv,matrix,lb,18.0,3,,22.65
2026-04-07,USPS Ground Advantage Retail.csv,matrix,lb,18.0,4,,25.95
2026-04-07,USPS Ground Advantage Retail.csv,matrix,lb,18.0,5,,32.8
2026-04-07,USPS Ground Advantage Retail.csv,matrix,lb,18.0,6,,41.75
2026-04-07,USPS Ground Advantage Retail.csv,matrix,lb,18.0,7,,53.15
2026-04-07,USPS Ground Advantage Retail.csv,matrix,lb,18.0,8,,65.85
2026-04-07,USPS Ground Advantage Retail.csv,matrix,lb,18.0,9,,65.85
2026-04-07,USPS Ground Advantage Retail.csv,matrix,lb,19.0,1,,22.3
2026-04-07,USPS Ground Advantage Retail.csv,matrix,lb,19.0,2,,22.55
2026-04-07,USPS Ground Advantage Retail.csv,matrix,lb,19.0,3,,23.6
2026-04-07,USPS Ground Advantage Retail.csv,matrix,lb,19.0,4,,26.4
2026-04-07,USPS Ground Advantage Retail.csv,matrix,lb,19.0,5,,33.8
2026-04-07,USPS Ground Advantage Retail.csv,matrix,lb,19.0,6,,42.8
2026-04-07,USPS Ground Advantage Retail.csv,matrix,lb,19.0,7,,54.1
2026-04-07,USPS Ground Advantage Retail.csv,matrix,lb,19.0,8,,68.0
2026-04-07,USPS Ground Advantage Retail.csv,matrix,lb,19.0,9,,68.0
2026-04-07,USPS Ground Advantage Retail.csv,matrix,lb,20.0,1,,22.75
2026-04-07,USPS Ground Advantage Retail.csv,matrix,lb,20.0,2,,22.95
2026-04-07,USPS Ground Advantage Retail.csv,matrix,lb,20.0,3,,24.45
2026-04-07,USPS Ground Advantage Retail.csv,matrix,lb,20.0,4,,27.3
2026-04-07,USPS Ground Advantage Retail.csv,matrix,lb,20.0,5,,35.15
2026-04-07,USPS Ground Advantage Retail.csv,matrix,lb,20.0,6,,44.25
2026-04-07,USPS Ground Advantage Retail.csv,matrix,lb,20.0,7,,55.5
2026-04-07,USPS Ground Advantage Retail.csv,matrix,lb,20.0,8,,69.4
2026-04-07,USPS Ground Advantage Retail.csv,matrix,lb,20.0,9,,69.4
2026-04-07,USPS Ground Advantage Retail.csv,matrix,lb,21.0,1,,26.25
2026-04-07,USPS Ground Advantage Retail.csv,matrix,lb,21.0,2,,27.5
2026-04-07,USPS Ground Advantage Retail.csv,matrix,lb,21.0,3,,29.75
2026-04-07,USPS Ground Advantage Retail.csv,matrix,lb,21.0,4,,35.05
2026-04-07,USPS Ground Advantage Retail.csv,matrix,lb,21.0,5,,43.35
2026-04-07,USPS Ground Advantage Retail.csv,matrix,lb,21.0,6,,53.5
2026-04-07,USPS Ground Advantage Retail.csv,matrix,lb,21.0,7,,64.95
2026-04-07,USPS Ground Advantage Retail.csv,matrix,lb,21.0,8,,78.5
2026-04-07,USPS Ground Advantage Retail.csv,matrix,lb,21.0,9,,78.5
2026-04-07,USPS Ground Advantage Retail.csv,matrix,lb,22.0,1,,28.55
2026-04-07,USPS Ground Advantage Retail.csv,matrix,lb,22.0,2,,30.6
2026-04-07,USPS Ground Advantage Retail.csv,matrix,lb,22.0,3,,33.7
2026-04-07,USPS Ground Advantage Retail.csv,matrix,lb,22.0,4,,40.65
2026-04-07,USPS Ground Advantage Retail.csv,matrix,lb,22.0,5,,49.3
2026-04-07,USPS Ground Advantage Retail.csv,matrix,lb,22.0,6,,60.1
2026-04-07,USPS Ground Advantage Retail.csv,matrix,lb,22.0,7,,71.55
2026-04-07,USPS Ground Advantage Retail.csv,matrix,lb,22.0,8,,84.55
2026-04-07,USPS Ground Advantage Retail.csv,matrix,lb,22.0,9,,84.55
2026-04-07,USPS Ground Advantage Retail.csv,matrix,lb,23.0,1,,30.1
2026-04-07,USPS Ground Advantage Retail.csv,matrix,lb,23.0,2,,32.4
2026-04-07,USPS Ground Advantage Retail.csv,matrix,lb,23.0,3,,35.85
2026-04-07,USPS Ground Advantage Retail.csv,matrix,lb,23.0,4,,43.7
2026-04-07,USPS Ground Advantage Retail.csv,matrix,lb,23.0,5,,52.85
2026-04-07,USPS Ground Advantage Retail.csv,matrix,lb,23.0,6,,64.1
2026-04-07,USPS Ground Advantage Retail.csv,matrix,lb,23.0,7,,75.85
2026-04-07,USPS Ground Advantage Retail.csv,matrix,lb,23.0,8,,89.05
2026-04-07,USPS Ground Advantage Retail.csv,matrix,lb,23.0,9,,89.05
2026-04-07,USPS Ground Advantage Retail.csv,matrix,lb,24.0,1,,31.2
2026-04-07,USPS Ground Advantage Retail.csv,matrix,lb,24.0,2,,33.65
2026-04-07,USPS Ground Advantage Retail.csv,matrix,lb,24.0,3,,37.4
2026-04-07,USPS Ground Advantage Retail.csv,matrix,lb,24.0,4,,45.7
2026-04-07,USPS Ground Advantage Retail.csv,matrix,lb,24.0,5,,55.4
2026-04-07,USPS Ground Advantage Retail.csv,matrix,lb,24.0,6,,67.2
2026-04-07,USPS Ground Advantage Retail.csv,matrix,lb,24.0,7,,79.25
2026-04-07,USPS Ground Advantage Retail.csv,matrix,lb,24.0,8,,92.75
2026-04-07,USPS Ground Advantage Retail.csv,matrix,lb,24.0,9,,92.75
2026-04-07,USPS Ground Advantage Retail.csv,matrix,lb,25.0,1,,32.4
2026-04-07,USPS Ground Advantage Retail.csv,matrix,lb,25.0,2,,34.95
2026-04-07,USPS Ground Advantage Retail.csv,matrix,lb,25.0,3,,38.9
2026-04-07,USPS Ground Advantage Retail.csv,matrix,lb,25.0,4,,47.8
2026-04-07,USPS Ground Advantage Retail.csv,matrix,lb,25.0,5,,57.9
2026-04-07,USPS Ground Advantage Retail.csv,matrix,lb,25.0,6,,70.1
2026-04-07,USPS Ground Advantage Retail.csv,matrix,lb,25.0,7,,82.55
2026-04-07,USPS Ground Advantage Retail.csv,matrix,lb,25.0,8,,96.35
2026-04-07,USPS Ground Advantage Retail.csv,matrix,lb,25.0,9,,96.35
2026-04-07,USPS Ground Advantage Retail.csv,matrix,lb,26.0,1,,33.55
2026-04-07,USPS Ground Advantage Retail.csv,matrix,lb,26.0,2,,36.25
2026-04-07,USPS Ground Advantage Retail.csv,matrix,lb,26.0,3,,40.45
2026-04-07,USPS Ground Advantage Retail.csv,matrix,lb,26.0,4,,49.85
2026-04-07,USPS Ground Advantage Retail.csv,matrix,lb,26.0,5,,60.3
2026-04-07,USPS Ground Advantage Retail.csv,matrix,lb,26.0,6,,73.05
2026-04-07,USPS Ground Advantage Retail.csv,matrix,lb,26.0,7,,85.9
2026-04-07,USPS Ground Advantage Retail.csv,matrix,lb,26.0,8,,100.0
2026-04-07,USPS Ground Advantage Retail.csv,matrix,lb,26.0,9,,100.0
2026-04-07,USPS Ground Advantage Retail.csv,matrix,lb,27.0,1,,34.65
2026-04-07,USPS Ground Advantage Retail.csv,matrix,lb,27.0,2,,37.55
2026-04-07,USPS Ground Advantage Retail.csv,matrix,lb,27.0,3,,41.95
2026-04-07,USPS Ground Advantage Retail.csv,matrix,lb,27.0,4,,52.05
2026-04-07,USPS Ground Advantage Retail.csv,matrix,lb,27.0,5,,62.9
2026-04-07,USPS Ground Advantage Retail.csv,matrix,lb,27.0,6,,76.15
2026-04-07,USPS Ground Advantage Retail.csv,matrix,lb,27.0,7,,89.15
2026-04-07,USPS Ground Advantage Retail.csv,matrix,lb,27.0,8,,103.65
2026-04-07,USPS Ground Advantage Retail.csv,matrix,lb,27.0,9,,103.65
2026-04-07,USPS Ground Advantage Retail.csv,matrix,lb,28.0,1,,35.55
2026-04-07,USPS Ground Advantage Retail.csv,matrix,lb,28.0,2,,38.55
2026-04-07,USPS Ground Advantage Retail.csv,matrix,lb,28.0,3,,43.2
2026-04-07,USPS Ground Advantage Retail.csv,matrix,lb,28.0,4,,53.5
2026-04-07,USPS Ground Advantage Retail.csv,matrix,lb,28.0,5,,64.9
2026-04-07,USPS Ground Advantage Retail.csv,matrix,lb,28.0,6,,78.5
2026-04-07,USPS Ground Advantage Retail.csv,matrix,lb,28.0,7,,91.9
2026-04-07,USPS Ground Advantage Retail.csv,matrix,lb,28.0,8,,106.8
2026-04-07,USPS Ground Advantage Retail.csv,matrix,lb,28.0,9,,106.8
2026-04-07,USPS Ground Advantage Retail.csv,matrix,lb,29.0,1,,36.45
2026-04-07,USPS Ground Advantage Retail.csv,matrix,lb,29.0,2,,39.55
2026-04-07,USPS Ground Advantage Retail.csv,matrix,lb,29.0,3,,44.3
2026-04-07,USPS Ground Advantage Retail.csv,matrix,lb,29.0,4,,55.15
2026-04-07,USPS Ground Advantage Retail.csv,matrix,lb,29.0,5,,66.9
2026-04-07,USPS Ground Advantage Retail.csv,matrix,lb,29.0,6,,80.8
2026-04-07,USPS Ground Advantage Retail.csv,matrix,lb,29.0,7,,94.6
2026-04-07,USPS Ground Advantage Retail.csv,matrix,lb,29.0,8,,109.85
2026-04-07,USPS Ground Advantage Retail.csv,matrix,lb,29.0,9,,109.85
2026-04-07,USPS Ground Advantage Retail.csv,matrix,lb,30.0,1,,37.25
2026-04-07,USPS Ground Advantage Retail.csv,matrix,lb,30.0,2,,40.55
2026-04-07,USPS Ground Advantage Retail.csv,matrix,lb,30.0,3,,45.4
2026-04-07,USPS Ground Advantage Retail.csv,matrix,lb,30.0,4,,56.55
2026-04-07,USPS Ground Advantage Retail.csv,matrix,lb,30.0,5,,68.8
2026-04-07,USPS Ground Advantage Retail.csv,matrix,lb,30.0,6,,83.15
2026-04-07,USPS Ground Advantage Retail.csv,matrix,lb,30.0,7,,97.3
2026-04-07,USPS Ground Advantage Retail.csv,matrix,lb,30.0,8,,112.8
2026-04-07,USPS Ground Advantage Retail.csv,matrix,lb,30.0,9,,112.8
2026-04-07,USPS Ground Advantage Retail.csv,matrix,lb,31.0,1,,38.25
2026-04-07,USPS Ground Advantage Retail.csv,matrix,lb,31.0,2,,41.45
2026-04-07,USPS Ground Advantage Retail.csv,matrix,lb,31.0,3,,46.5
2026-04-07,USPS Ground Advantage Retail.csv,matrix,lb,31.0,4,,58.0
2026-04-07,USPS Ground Advantage Retail.csv,matrix,lb,31.0,5,,70.7
2026-04-07,USPS Ground Advantage Retail.csv,matrix,lb,31.0,6,,85.45
2026-04-07,USPS Ground Advantage Retail.csv,matrix,lb,31.0,7,,99.85
2026-04-07,USPS Ground Advantage Retail.csv,matrix,lb,31.0,8,,115.8
2026-04-07,USPS Ground Advantage Retail.csv,matrix,lb,31.0,9,,115.8
2026-04-07,USPS Ground Advantage Retail.csv,matrix,lb,32.0,1,,39.0
2026-04-07,USPS Ground Advantage Retail.csv,matrix,lb,32.0,2,,42.45
2026-04-07,USPS Ground Advantage Retail.csv,matrix,lb,32.0,3,,47.55
2026-04-07,USPS Ground Advantage Retail.csv,matrix,lb,32.0,4,,59.45
2026-04-07,USPS Ground Advantage Retail.csv,matrix,lb,32.0,5,,72.6
2026-04-07,USPS Ground Advantage Retail.csv,matrix,lb,32.0,6,,87.75
2026-04-07,USPS Ground Advantage Retail.csv,matrix,lb,32.0,7,,102.5
2026-04-07,USPS Ground Advantage Retail.csv,matrix,lb,32.0,8,,118.7
2026-04-07,USPS Ground Advantage Retail.csv,matrix,lb,32.0,9,,118.7
2026-04-07,USPS Ground Advantage Retail.csv,matrix,lb,33.0,1,,39.85
2026-04-07,USPS Ground Advantage Retail.csv,matrix,lb,33.0,2,,43.35
2026-04-07,USPS Ground Advantage Retail.csv,matrix,lb,33.0,3,,48.65
2026-04-07,USPS Ground Advantage Retail.csv,matrix,lb,33.0,4,,60.9
2026-04-07,USPS Ground Advantage Retail.csv,matrix,lb,33.0,5,,74.45
2026-04-07,USPS Ground Advantage Retail.csv,matrix,lb,33.0,6,,89.9
2026-04-07,USPS Ground Advantage Retail.csv,matrix,lb,33.0,7,,104.9
2026-04-07,USPS Ground Advantage Retail.csv,matrix,lb,33.0,8,,121.55
2026-04-07,USPS Ground Advantage Retail.csv,matrix,lb,33.0,9,,121.55
2026-04-07,USPS Ground Advantage Retail.csv,matrix,lb,34.0,1,,40.7
2026-04-07,USPS Ground Advantage Retail.csv,matrix,lb,34.0,2,,44.3
2026-04-07,USPS Ground Advantage Retail.csv,matrix,lb,34.0,3,,49.7
2026-04-07,USPS Ground Advantage Retail.csv,matrix,lb,34.0,4,,62.2
2026-04-07,USPS Ground Advantage Retail.csv,matrix,lb,34.0,5,,76.2
2026-04-07,USPS Ground Advantage Retail.csv,matrix,lb,34.0,6,,92.05
2026-04-07,USPS Ground Advantage Retail.csv,matrix,lb,34.0,7,,107.45
2026-04-07,USPS Ground Advantage Retail.csv,matrix,lb,34.0,8,,124.3
2026-04-07,USPS Ground Advantage Retail.csv,matrix,lb,34.0,9,,124.3
2026-04-07,USPS Ground Advantage Retail.csv,matrix,lb,35.0,1,,41.6
2026-04-07,USPS Ground Advantage Retail.csv,matrix,lb,35.0,2,,45.2
2026-04-07,USPS Ground Advantage Retail.csv,matrix,lb,35.0,3,,50.7
2026-04-07,USPS Ground Advantage Retail.csv,matrix,lb,35.0,4,,63.65
2026-04-07,USPS Ground Advantage Retail.csv,matrix,lb,35.0,5,,78.1
2026-04-07,USPS Ground Advantage Retail.csv,matrix,lb,35.0,6,,94.3
2026-04-07,USPS Ground Advantage Retail.csv,matrix,lb,35.0,7,,110.05
2026-04-07,USPS Ground Advantage Retail.csv,matrix,lb,35.0,8,,127.15
2026-04-07,USPS Ground Advantage Retail.csv,matrix,lb,35.0,9,,127.15
2026-04-07,USPS Ground Advantage Retail.csv,matrix,lb,36.0,1,,42.35
2026-04-07,USPS Ground Advantage Retail.csv,matrix,lb,36.0,2,,46.0
2026-04-07,USPS Ground Advantage Retail.csv,matrix,lb,36.0,3,,51.7
2026-04-07,USPS Ground Advantage Retail.csv,matrix,lb,36.0,4,,64.9
2026-04-07,USPS Ground Advantage Retail.csv,matrix,lb,36.0,5,,79.75
2026-04-07,USPS Ground Advantage Retail.csv,matrix,lb,36.0,6,,96.35
2026-04-07,USPS Ground Advantage Retail.csv,matrix,lb,36.0,7,,112.35
2026-04-07,USPS Ground Advantage Retail.csv,matrix,lb,36.0,8,,129.8
2026-04-07,USPS Ground Advantage Retail.csv,matrix,lb,36.0,9,,129.8
2026-04-07,USPS Ground Advantage Retail.csv,matrix,lb,37.0,1,,43.2
2026-04-07,USPS Ground Advantage Retail.csv,matrix,lb,37.0,2,,46.85
2026-04-07,USPS Ground Advantage Retail.csv,matrix,lb,37.0,3,,52.7
2026-04-07,USPS Ground Advantage Retail.csv,matrix,lb,37.0,4,,66.3
2026-04-07,USPS Ground Advantage Retail.csv,matrix,lb,37.0,5,,81.55
2026-04-07,USPS Ground Advantage Retail.csv,matrix,lb,37.0,6,,98.45
2026-04-07,USPS Ground Advantage Retail.csv,matrix,lb,37.0,7,,114.75
2026-04-07,USPS Ground Advantage Retail.csv,matrix,lb,37.0,8,,132.6
2026-04-07,USPS Ground Advantage Retail.csv,matrix,lb,37.0,9,,132.6
2026-04-07,USPS Ground Advantage Retail.csv,matrix,lb,38.0,1,,43.95
2026-04-07,USPS Ground Advantage Retail.csv,matrix,lb,38.0,2,,47.75
2026-04-07,USPS Ground Advantage Retail.csv,matrix,lb,38.0,3,,53.55
2026-04-07,USPS Ground Advantage Retail.csv,matrix,lb,38.0,4,,67.6
2026-04-07,USPS Ground Advantage Retail.csv,matrix,lb,38.0,5,,83.25
2026-04-07,USPS Ground Advantage Retail.csv,matrix,lb,38.0,6,,100.55
2026-04-07,USPS Ground Advantage Retail.csv,matrix,lb,38.0,7,,117.2
2026-04-07,USPS Ground Advantage Retail.csv,matrix,lb,38.0,8,,135.25
2026-04-07,USPS Ground Advantage Retail.csv,matrix,lb,38.0,9,,135.25
2026-04-07,USPS Ground Advantage Retail.csv,matrix,lb,39.0,1,,44.75
2026-04-07,USPS Ground Advantage Retail.csv,matrix,lb,39.0,2,,48.6
2026-04-07,USPS Ground Advantage Retail.csv,matrix,lb,39.0,3,,54.6
2026-04-07,USPS Ground Advantage Retail.csv,matrix,lb,39.0,4,,68.9
2026-04-07,USPS Ground Advantage Retail.csv,matrix,lb,39.0,5,,85.05
2026-04-07,USPS Ground Advantage Retail.csv,matrix,lb,39.0,6,,102.6
2026-04-07,USPS Ground Advantage Retail.csv,matrix,lb,39.0,7,,119.5
2026-04-07,USPS Ground Advantage Retail.csv,matrix,lb,39.0,8,,137.8
2026-04-07,USPS Ground Advantage Retail.csv,matrix,lb,39.0,9,,137.8
2026-04-07,USPS Ground Advantage Retail.csv,matrix,lb,40.0,1,,45.5
2026-04-07,USPS Ground Advantage Retail.csv,matrix,lb,40.0,2,,49.5
2026-04-07,USPS Ground Advantage Retail.csv,matrix,lb,40.0,3,,55.5
2026-04-07,USPS Ground Advantage Retail.csv,matrix,lb,40.0,4,,70.2
2026-04-07,USPS Ground Advantage Retail.csv,matrix,lb,40.0,5,,86.65
2026-04-07,USPS Ground Advantage Retail.csv,matrix,lb,40.0,6,,104.65
2026-04-07,USPS Ground Advantage Retail.csv,matrix,lb,40.0,7,,121.8
2026-04-07,USPS Ground Advantage Retail.csv,matrix,lb,40.0,8,,140.4
2026-04-07,USPS Ground Advantage Retail.csv,matrix,lb,40.0,9,,140.4
2026-04-07,USPS Ground Advantage Retail.csv,matrix,lb,41.0,1,,46.35
2026-04-07,USPS Ground Advantage Retail.csv,matrix,lb,41.0,2,,50.35
2026-04-07,USPS Ground Advantage Retail.csv,matrix,lb,41.0,3,,56.5
2026-04-07,USPS Ground Advantage Retail.csv,matrix,lb,41.0,4,,71.5
2026-04-07,USPS Ground Advantage Retail.csv,matrix,lb,41.0,5,,88.45
2026-04-07,USPS Ground Advantage Retail.csv,matrix,lb,41.0,6,,106.7
2026-04-07,USPS Ground Advantage Retail.csv,matrix,lb,41.0,7,,124.1
2026-04-07,USPS Ground Advantage Retail.csv,matrix,lb,41.0,8,,143.0
2026-04-07,USPS Ground Advantage Retail.csv,matrix,lb,41.0,9,,143.0
2026-04-07,USPS Ground Advantage Retail.csv,matrix,lb,42.0,1,,47.15
2026-04-07,USPS Ground Advantage Retail.csv,matrix,lb,42.0,2,,51.1
2026-04-07,USPS Ground Advantage Retail.csv,matrix,lb,42.0,3,,57.35
2026-04-07,USPS Ground Advantage Retail.csv,matrix,lb,42.0,4,,72.7
2026-04-07,USPS Ground Advantage Retail.csv,matrix,lb,42.0,5,,90.05
2026-04-07,USPS Ground Advantage Retail.csv,matrix,lb,42.0,6,,108.6
2026-04-07,USPS Ground Advantage Retail.csv,matrix,lb,42.0,7,,126.25
2026-04-07,USPS Ground Advantage Retail.csv,matrix,lb,42.0,8,,145.4
2026-04-07,USPS Ground Advantage Retail.csv,matrix,lb,42.0,9,,145.4
2026-04-07,USPS Ground Advantage Retail.csv,matrix,lb,43.0,1,,47.8
2026-04-07,USPS Ground Advantage Retail.csv,matrix,lb,43.0,2,,51.95
2026-04-07,USPS Ground Advantage Retail.csv,matrix,lb,43.0,3,,58.25
2026-04-07,USPS Ground Advantage Retail.csv,matrix,lb,43.0,4,,73.85
2026-04-07,USPS Ground Advantage Retail.csv,matrix,lb,43.0,5,,91.75
2026-04-07,USPS Ground Advantage Retail.csv,matrix,lb,43.0,6,,110.55
2026-04-07,USPS Ground Advantage Retail.csv,matrix,lb,43.0,7,,128.5
2026-04-07,USPS Ground Advantage Retail.csv,matrix,lb,43.0,8,,147.9
2026-04-07,USPS Ground Advantage Retail.csv,matrix,lb,43.0,9,,147.9
2026-04-07,USPS Ground Advantage Retail.csv,matrix,lb,44.0,1,,48.6
2026-04-07,USPS Ground Advantage Retail.csv,matrix,lb,44.0,2,,52.7
2026-04-07,USPS Ground Advantage Retail.csv,matrix,lb,44.0,3,,59.1
2026-04-07,USPS Ground Advantage Retail.csv,matrix,lb,44.0,4,,75.05
2026-04-07,USPS Ground Advantage Retail.csv,matrix,lb,44.0,5,,93.3
2026-04-07,USPS Ground Advantage Retail.csv,matrix,lb,44.0,6,,112.55
2026-04-07,USPS Ground Advantage Retail.csv,matrix,lb,44.0,7,,130.7
2026-04-07,USPS Ground Advantage Retail.csv,matrix,lb,44.0,8,,150.25
2026-04-07,USPS Ground Advantage Retail.csv,matrix,lb,44.0,9,,150.25
2026-04-07,USPS Ground Advantage Retail.csv,matrix,lb,45.0,1,,49.3
2026-04-07,USPS Ground Advantage Retail.csv,matrix,lb,45.0,2,,53.45
2026-04-07,USPS Ground Advantage Retail.csv,matrix,lb,45.0,3,,60.0
2026-04-07,USPS Ground Advantage Retail.csv,matrix,lb,45.0,4,,76.3
2026-04-07,USPS Ground Advantage Retail.csv,matrix,lb,45.0,5,,94.95
2026-04-07,USPS Ground Advantage Retail.csv,matrix,lb,45.0,6,,114.3
2026-04-07,USPS Ground Advantage Retail.csv,matrix,lb,45.0,7,,132.85
2026-04-07,USPS Ground Advantage Retail.csv,matrix,lb,45.0,8,,152.6
2026-04-07,USPS Ground Advantage Retail.csv,matrix,lb,45.0,9,,152.6
2026-04-07,USPS Ground Advantage Retail.csv,matrix,lb,46.0,1,,50.05
2026-04-07,USPS Ground Advantage Retail.csv,matrix,lb,46.0,2,,54.25
2026-04-07,USPS Ground Advantage Retail.csv,matrix,lb,46.0,3,,60.8
2026-04-07,USPS Ground Advantage Retail.csv,matrix,lb,46.0,4,,77.45
2026-04-07,USPS Ground Advantage Retail.csv,matrix,lb,46.0,5,,96.5
2026-04-07,USPS Ground Advantage Retail.csv,matrix,lb,46.0,6,,116.25
2026-04-07,USPS Ground Advantage Retail.csv,matrix,lb,46.0,7,,134.85
2026-04-07,USPS Ground Advantage Retail.csv,matrix,lb,46.0,8,,154.95
2026-04-07,USPS Ground Advantage Retail.csv,matrix,lb,46.0,9,,154.95
2026-04-07,USPS Ground Advantage Retail.csv,matrix,lb,47.0,1,,50.7
2026-04-07,USPS Ground Advantage Retail.csv,matrix,lb,47.0,2,,55.1
2026-04-07,USPS Ground Advantage Retail.csv,matrix,lb,47.0,3,,61.65
2026-04-07,USPS Ground Advantage Retail.csv,matrix,lb,47.0,4,,78.55
2026-04-07,USPS Ground Advantage Retail.csv,matrix,lb,47.0,5,,98.0
2026-04-07,USPS Ground Advantage Retail.csv,matrix,lb,47.0,6,,118.0
2026-04-07,USPS Ground Advantage Retail.csv,matrix,lb,47.0,7,,136.95
2026-04-07,USPS Ground Advantage Retail.csv,matrix,lb,47.0,8,,157.2
2026-04-07,USPS Ground Advantage Retail.csv,matrix,lb,47.0,9,,157.2
2026-04-07,USPS Ground Advantage Retail.csv,matrix,lb,48.0,1,,51.4
2026-04-07,USPS Ground Advantage Retail.csv,matrix,lb,48.0,2,,55.8
2026-04-07,USPS Ground Advantage Retail.csv,matrix,lb,48.0,3,,62.35
2026-04-07,USPS Ground Advantage Retail.csv,matrix,lb,48.0,4,,79.65
2026-04-07,USPS Ground Advantage Retail.csv,matrix,lb,48.0,5,,99.6
2026-04-07,USPS Ground Advantage Retail.csv,matrix,lb,48.0,6,,119.9
2026-04-07,USPS Ground Advantage Retail.csv,matrix,lb,48.0,7,,139.0
2026-04-07,USPS Ground Advantage Retail.csv,matrix,lb,48.0,8,,159.35
2026-04-07,USPS Ground Advantage Retail.csv,matrix,lb,48.0,9,,159.35
2026-04-07,USPS Ground Advantage Retail.csv,matrix,lb,49.0,1,,52.1
2026-04-07,USPS Ground Advantage Retail.csv,matrix,lb,49.0,2,,56.45
2026-04-07,USPS Ground Advantage Retail.csv,matrix,lb,49.0,3,,63.25
2026-04-07,USPS Ground Advantage Retail.csv,matrix,lb,49.0,4,,80.75
2026-04-07,USPS Ground Advantage Retail.csv,matrix,lb,49.0,5,,101.1
2026-04-07,USPS Ground Advantage Retail.csv,matrix,lb,49.0,6,,121.55
2026-04-07,USPS Ground Advantage Retail.csv,matrix,lb,49.0,7,,140.95
2026-04-07,USPS Ground Advantage Retail.csv,matrix,lb,49.0,8,,161.6
2026-04-07,USPS Ground Advantage Retail.csv,matrix,lb,49.0,9,,161.6
2026-04-07,USPS Ground Advantage Retail.csv,matrix,lb,50.0,1,,52.75
2026-04-07,USPS Ground Advantage Retail.csv,matrix,lb,50.0,2,,57.2
2026-04-07,USPS Ground Advantage Retail.csv,matrix,lb,50.0,3,,64.0
2026-04-07,USPS Ground Advantage Retail.csv,matrix,lb,50.0,4,,81.8
2026-04-07,USPS Ground Advantage Retail.csv,matrix,lb,50.0,5,,102.55
2026-04-07,USPS Ground Advantage Retail.csv,matrix,lb,50.0,6,,123.35
2026-04-07,USPS Ground Advantage Retail.csv,matrix,lb,50.0,7,,142.9
2026-04-07,USPS Ground Advantage Retail.csv,matrix,lb,50.0,8,,163.75
2026-04-07,USPS Ground Advantage Retail.csv,matrix,lb,50.0,9,,163.75
2026-04-07,USPS Ground Advantage Retail.csv,matrix,lb,51.0,1,,53.45
2026-04-07,USPS Ground Advantage Retail.csv,matrix,lb,51.0,2,,57.9
2026-04-07,USPS Ground Advantage Retail.csv,matrix,lb,51.0,3,,64.7
2026-04-07,USPS Ground Advantage Retail.csv,matrix,lb,51.0,4,,82.85
2026-04-07,USPS Ground Advantage Retail.csv,matrix,lb,51.0,5,,104.0
2026-04-07,USPS Ground Advantage Retail.csv,matrix,lb,51.0,6,,125.1
2026-04-07,USPS Ground Advantage Retail.csv,matrix,lb,51.0,7,,144.85
2026-04-07,USPS Ground Advantage Retail.csv,matrix,lb,51.0,8,,165.75
2026-04-07,USPS Ground Advantage Retail.csv,matrix,lb,51.0,9,,165.75
2026-04-07,USPS Ground Advantage Retail.csv,matrix,lb,52.0,1,,54.15
2026-04-07,USPS Ground Advantage Retail.csv,matrix,lb,52.0,2,,58.55
2026-04-07,USPS Ground Advantage Retail.csv,matrix,lb,52.0,3,,65.4
2026-04-07,USPS Ground Advantage Retail.csv,matrix,lb,52.0,4,,83.9
2026-04-07,USPS Ground Advantage Retail.csv,matrix,lb,52.0,5,,105.45
2026-04-07,USPS Ground Advantage Retail.csv,matrix,lb,52.0,6,,126.75
2026-04-07,USPS Ground Advantage Retail.csv,matrix,lb,52.0,7,,146.65
2026-04-07,USPS Ground Advantage Retail.csv,matrix,lb,52.0,8,,167.8
2026-04-07,USPS Ground Advantage Retail.csv,matrix,lb,52.0,9,,167.8
2026-04-07,USPS Ground Advantage Retail.csv,matrix,lb,53.0,1,,54.8
2026-04-07,USPS Ground Advantage Retail.csv,matrix,lb,53.0,2,,59.2
2026-04-07,USPS Ground Advantage Retail.csv,matrix,lb,53.0,3,,66.05
2026-04-07,USPS Ground Advantage Retail.csv,matrix,lb,53.0,4,,84.95
2026-04-07,USPS Ground Advantage Retail.csv,matrix,lb,53.0,5,,106.8
2026-04-07,USPS Ground Advantage Retail.csv,matrix,lb,53.0,6,,128.35
2026-04-07,USPS Ground Advantage Retail.csv,matrix,lb,53.0,7,,148.5
2026-04-07,USPS Ground Advantage Retail.csv,matrix,lb,53.0,8,,169.8
2026-04-07,USPS Ground Advantage Retail.csv,matrix,lb,53.0,9,,169.8
2026-04-07,USPS Ground Advantage Retail.csv,matrix,lb,54.0,1,,55.4
2026-04-07,USPS Ground Advantage Retail.csv,matrix,lb,54.0,2,,59.9
2026-04-07,USPS Ground Advantage Retail.csv,matrix,lb,54.0,3,,66.8
2026-04-07,USPS Ground Advantage Retail.csv,matrix,lb,54.0,4,,85.85
2026-04-07,USPS Ground Advantage Retail.csv,matrix,lb,54.0,5,,108.2
2026-04-07,USPS Ground Advantage Retail.csv,matrix,lb,54.0,6,,130.0
2026-04-07,USPS Ground Advantage Retail.csv,matrix,lb,54.0,7,,150.4
2026-04-07,USPS Ground Advantage Retail.csv,matrix,lb,54.0,8,,171.75
2026-04-07,USPS Ground Advantage Retail.csv,matrix,lb,54.0,9,,171.75
2026-04-07,USPS Ground Advantage Retail.csv,matrix,lb,55.0,1,,56.0
2026-04-07,USPS Ground Advantage Retail.csv,matrix,lb,55.0,2,,60.5
2026-04-07,USPS Ground Advantage Retail.csv,matrix,lb,55.0,3,,67.5
2026-04-07,USPS Ground Advantage Retail.csv,matrix,lb,55.0,4,,86.9
2026-04-07,USPS Ground Advantage Retail.csv,matrix,lb,55.0,5,,109.55
2026-04-07,USPS Ground Advantage Retail.csv,matrix,lb,55.0,6,,131.55
2026-04-07,USPS Ground Advantage Retail.csv,matrix,lb,55.0,7,,152.05
2026-04-07,USPS Ground Advantage Retail.csv,matrix,lb,55.0,8,,173.65
2026-04-07,USPS Ground Advantage Retail.csv,matrix,lb,55.0,9,,173.65
2026-04-07,USPS Ground Advantage Retail.csv,matrix,lb,56.0,1,,56.65
2026-04-07,USPS Ground Advantage Retail.csv,matrix,lb,56.0,2,,61.15
2026-04-07,USPS Ground Advantage Retail.csv,matrix,lb,56.0,3,,68.1
2026-04-07,USPS Ground Advantage Retail.csv,matrix,lb,56.0,4,,87.85
2026-04-07,USPS Ground Advantage Retail.csv,matrix,lb,56.0,5,,110.9
2026-04-07,USPS Ground Advantage Retail.csv,matrix,lb,56.0,6,,133.1
2026-04-07,USPS Ground Advantage Retail.csv,matrix,lb,56.0,7,,153.9
2026-04-07,USPS Ground Advantage Retail.csv,matrix,lb,56.0,8,,175.5
2026-04-07,USPS Ground Advantage Retail.csv,matrix,lb,56.0,9,,175.5
2026-04-07,USPS Ground Advantage Retail.csv,matrix,lb,57.0,1,,57.25
2026-04-07,USPS Ground Advantage Retail.csv,matrix,lb,57.0,2,,61.8
2026-04-07,USPS Ground Advantage Retail.csv,matrix,lb,57.0,3,,68.75
2026-04-07,USPS Ground Advantage Retail.csv,matrix,lb,57.0,4,,88.6
2026-04-07,USPS Ground Advantage Retail.csv,matrix,lb,57.0,5,,112.25
2026-04-07,USPS Ground Advantage Retail.csv,matrix,lb,57.0,6,,134.7
2026-04-07,USPS Ground Advantage Retail.csv,matrix,lb,57.0,7,,155.45
2026-04-07,USPS Ground Advantage Retail.csv,matrix,lb,57.0,8,,177.35
2026-04-07,USPS Ground Advantage Retail.csv,matrix,lb,57.0,9,,177.35
2026-04-07,USPS Ground Advantage Retail.csv,matrix,lb,58.0,1,,57.85
2026-04-07,USPS Ground Advantage Retail.csv,matrix,lb,58.0,2,,62.25
2026-04-07,USPS Ground Advantage Retail.csv,matrix,lb,58.0,3,,69.35
2026-04-07,USPS Ground Advantage Retail.csv,matrix,lb,58.0,4,,89.6
2026-04-07,USPS Ground Advantage Retail.csv,matrix,lb,58.0,5,,113.55
2026-04-07,USPS Ground Advantage Retail.csv,matrix,lb,58.0,6,,136.15
2026-04-07,USPS Ground Advantage Retail.csv,matrix,lb,58.0,7,,157.2
2026-04-07,USPS Ground Advantage Retail.csv,matrix,lb,58.0,8,,179.1
2026-04-07,USPS Ground Advantage Retail.csv,matrix,lb,58.0,9,,179.1
2026-04-07,USPS Ground Advantage Retail.csv,matrix,lb,59.0,1,,58.45
2026-04-07,USPS Ground Advantage Retail.csv,matrix,lb,59.0,2,,62.95
2026-04-07,USPS Ground Advantage Retail.csv,matrix,lb,59.0,3,,70.0
2026-04-07,USPS Ground Advantage Retail.csv,matrix,lb,59.0,4,,90.4
2026-04-07,USPS Ground Advantage Retail.csv,matrix,lb,59.0,5,,114.8
2026-04-07,USPS Ground Advantage Retail.csv,matrix,lb,59.0,6,,137.65
2026-04-07,USPS Ground Advantage Retail.csv,matrix,lb,59.0,7,,158.8
2026-04-07,USPS Ground Advantage Retail.csv,matrix,lb,59.0,8,,180.75
2026-04-07,USPS Ground Advantage Retail.csv,matrix,lb,59.0,9,,180.75
2026-04-07,USPS Ground Advantage Retail.csv,matrix,lb,60.0,1,,58.95
2026-04-07,USPS Ground Advantage Retail.csv,matrix,lb,60.0,2,,63.45
2026-04-07,USPS Ground Advantage Retail.csv,matrix,lb,60.0,3,,70.5
2026-04-07,USPS Ground Advantage Retail.csv,matrix,lb,60.0,4,,91.3
2026-04-07,USPS Ground Advantage Retail.csv,matrix,lb,60.0,5,,116.05
2026-04-07,USPS Ground Advantage Retail.csv,matrix,lb,60.0,6,,139.05
2026-04-07,USPS Ground Advantage Retail.csv,matrix,lb,60.0,7,,160.5
2026-04-07,USPS Ground Advantage Retail.csv,matrix,lb,60.0,8,,182.5
2026-04-07,USPS Ground Advantage Retail.csv,matrix,lb,60.0,9,,182.5
2026-04-07,USPS Ground Advantage Retail.csv,matrix,lb,61.0,1,,59.5
2026-04-07,USPS Ground Advantage Retail.csv,matrix,lb,61.0,2,,64.05
2026-04-07,USPS Ground Advantage Retail.csv,matrix,lb,61.0,3,,71.05
2026-04-07,USPS Ground Advantage Retail.csv,matrix,lb,61.0,4,,92.1
2026-04-07,USPS Ground Advantage Retail.csv,matrix,lb,61.0,5,,117.3
2026-04-07,USPS Ground Advantage Retail.csv,matrix,lb,61.0,6,,140.5
2026-04-07,USPS Ground Advantage Retail.csv,matrix,lb,61.0,7,,161.95
2026-04-07,USPS Ground Advantage Retail.csv,matrix,lb,61.0,8,,184.1
2026-04-07,USPS Ground Advantage Retail.csv,matrix,lb,61.0,9,,184.1
2026-04-07,USPS Ground Advantage Retail.csv,matrix,lb,62.0,1,,60.1
2026-04-07,USPS Ground Advantage Retail.csv,matrix,lb,62.0,2,,64.6
2026-04-07,USPS Ground Advantage Retail.csv,matrix,lb,62.0,3,,71.6
2026-04-07,USPS Ground Advantage Retail.csv,matrix,lb,62.0,4,,92.95
2026-04-07,USPS Ground Advantage Retail.csv,matrix,lb,62.0,5,,118.5
2026-04-07,USPS Ground Advantage Retail.csv,matrix,lb,62.0,6,,141.85
2026-04-07,USPS Ground Advantage Retail.csv,matrix,lb,62.0,7,,163.45
2026-04-07,USPS Ground Advantage Retail.csv,matrix,lb,62.0,8,,185.75
2026-04-07,USPS Ground Advantage Retail.csv,matrix,lb,62.0,9,,185.75
2026-04-07,USPS Ground Advantage Retail.csv,matrix,lb,63.0,1,,60.7
2026-04-07,USPS Ground Advantage Retail.csv,matrix,lb,63.0,2,,65.1
2026-04-07,USPS Ground Advantage Retail.csv,matrix,lb,63.0,3,,72.1
2026-04-07,USPS Ground Advantage Retail.csv,matrix,lb,63.0,4,,93.8
2026-04-07,USPS Ground Advantage Retail.csv,matrix,lb,63.0,5,,119.55
2026-04-07,USPS Ground Advantage Retail.csv,matrix,lb,63.0,6,,143.2
2026-04-07,USPS Ground Advantage Retail.csv,matrix,lb,63.0,7,,164.9
2026-04-07,USPS Ground Advantage Retail.csv,matrix,lb,63.0,8,,187.2
2026-04-07,USPS Ground Advantage Retail.csv,matrix,lb,63.0,9,,187.2
2026-04-07,USPS Ground Advantage Retail.csv,matrix,lb,64.0,1,,61.15
2026-04-07,USPS Ground Advantage Retail.csv,matrix,lb,64.0,2,,65.6
2026-04-07,USPS Ground Advantage Retail.csv,matrix,lb,64.0,3,,72.6
2026-04-07,USPS Ground Advantage Retail.csv,matrix,lb,64.0,4,,94.45
2026-04-07,USPS Ground Advantage Retail.csv,matrix,lb,64.0,5,,120.8
2026-04-07,USPS Ground Advantage Retail.csv,matrix,lb,64.0,6,,144.5
2026-04-07,USPS Ground Advantage Retail.csv,matrix,lb,64.0,7,,166.35
2026-04-07,USPS Ground Advantage Retail.csv,matrix,lb,64.0,8,,188.8
2026-04-07,USPS Ground Advantage Retail.csv,matrix,lb,64.0,9,,188.8
2026-04-07,USPS Ground Advantage Retail.csv,matrix,lb,65.0,1,,61.65
2026-04-07,USPS Ground Advantage Retail.csv,matrix,lb,65.0,2,,66.15
2026-04-07,USPS Ground Advantage Retail.csv,matrix,lb,65.0,3,,73.1
2026-04-07,USPS Ground Advantage Retail.csv,matrix,lb,65.0,4,,95.2
2026-04-07,USPS Ground Advantage Retail.csv,matrix,lb,65.0,5,,121.95
2026-04-07,USPS Ground Advantage Retail.csv,matrix,lb,65.0,6,,145.8
2026-04-07,USPS Ground Advantage Retail.csv,matrix,lb,65.0,7,,167.7
2026-04-07,USPS Ground Advantage Retail.csv,matrix,lb,65.0,8,,190.2
2026-04-07,USPS Ground Advantage Retail.csv,matrix,lb,65.0,9,,190.2
2026-04-07,USPS Ground Advantage Retail.csv,matrix,lb,66.0,1,,62.15
2026-04-07,USPS Ground Advantage Retail.csv,matrix,lb,66.0,2,,66.65
2026-04-07,USPS Ground Advantage Retail.csv,matrix,lb,66.0,3,,73.55
2026-04-07,USPS Ground Advantage Retail.csv,matrix,lb,66.0,4,,95.95
2026-04-07,USPS Ground Advantage Retail.csv,matrix,lb,66.0,5,,123.0
2026-04-07,USPS Ground Advantage Retail.csv,matrix,lb,66.0,6,,147.15
2026-04-07,USPS Ground Advantage Retail.csv,matrix,lb,66.0,7,,169.05
2026-04-07,USPS Ground Advantage Retail.csv,matrix,lb,66.0,8,,191.7
2026-04-07,USPS Ground Advantage Retail.csv,matrix,lb,66.0,9,,191.7
2026-04-07,USPS Ground Advantage Retail.csv,matrix,lb,67.0,1,,62.65
2026-04-07,USPS Ground Advantage Retail.csv,matrix,lb,67.0,2,,67.05
2026-04-07,USPS Ground Advantage Retail.csv,matrix,lb,67.0,3,,74.0
2026-04-07,USPS Ground Advantage Retail.csv,matrix,lb,67.0,4,,96.6
2026-04-07,USPS Ground Advantage Retail.csv,matrix,lb,67.0,5,,124.1
2026-04-07,USPS Ground Advantage Retail.csv,matrix,lb,67.0,6,,148.35
2026-04-07,USPS Ground Advantage Retail.csv,matrix,lb,67.0,7,,170.4
2026-04-07,USPS Ground Advantage Retail.csv,matrix,lb,67.0,8,,193.0
2026-04-07,USPS Ground Advantage Retail.csv,matrix,lb,67.0,9,,193.0
2026-04-07,USPS Ground Advantage Retail.csv,matrix,lb,68.0,1,,63.2
2026-04-07,USPS Ground Advantage Retail.csv,matrix,lb,68.0,2,,67.55
2026-04-07,USPS Ground Advantage Retail.csv,matrix,lb,68.0,3,,74.4
2026-04-07,USPS Ground Advantage Retail.csv,matrix,lb,68.0,4,,97.3
2026-04-07,USPS Ground Advantage Retail.csv,matrix,lb,68.0,5,,125.15
2026-04-07,USPS Ground Advantage Retail.csv,matrix,lb,68.0,6,,149.55
2026-04-07,USPS Ground Advantage Retail.csv,matrix,lb,68.0,7,,171.7
2026-04-07,USPS Ground Advantage Retail.csv,matrix,lb,68.0,8,,194.25
2026-04-07,USPS Ground Advantage Retail.csv,matrix,lb,68.0,9,,194.25
2026-04-07,USPS Ground Advantage Retail.csv,matrix,lb,69.0,1,,63.6
2026-04-07,USPS Ground Advantage Retail.csv,matrix,lb,69.0,2,,68.0
2026-04-07,USPS Ground Advantage Retail.csv,matrix,lb,69.0,3,,74.85
2026-04-07,USPS Ground Advantage Retail.csv,matrix,lb,69.0,4,,97.9
2026-04-07,USPS Ground Advantage Retail.csv,matrix,lb,69.0,5,,126.2
2026-04-07,USPS Ground Advantage Retail.csv,matrix,lb,69.0,6,,150.65
2026-04-07,USPS Ground Advantage Retail.csv,matrix,lb,69.0,7,,172.9
2026-04-07,USPS Ground Advantage Retail.csv,matrix,lb,69.0,8,,195.55
2026-04-07,USPS Ground Advantage Retail.csv,matrix,lb,69.0,9,,195.55
2026-04-07,USPS Ground Advantage Retail.csv,matrix,lb,70.0,1,,64.1
2026-04-07,USPS Ground Advantage Retail.csv,matrix,lb,70.0,2,,68.45
2026-04-07,USPS Ground Advantage Retail.csv,matrix,lb,70.0,3,,75.2
2026-04-07,USPS Ground Advantage Retail.csv,matrix,lb,70.0,4,,98.6
2026-04-07,USPS Ground Advantage Retail.csv,matrix,lb,70.0,5,,127.2
2026-04-07,USPS Ground Advantage Retail.csv,matrix,lb,70.0,6,,151.85
2026-04-07,USPS Ground Advantage Retail.csv,matrix,lb,70.0,7,,174.15
2026-04-07,USPS Ground Advantage Retail.csv,matrix,lb,70.0,8,,196.8
2026-04-07,USPS Ground Advantage Retail.csv,matrix,lb,70.0,9,,196.8
2026-04-07,USPS Ground Advantage Retail.csv,fee,,,,Oversized,112.1
2026-04-07,USPS Ground Advantage Retail.csv,note,,,,"Parcels exceeding one cubic foot are charged on the actual weight or the dimensional weight, whichever is greater.",
2026-04-07,USPS Ground Advantage Retail.csv,fee,,,,"Nonstandard Length fee > 22""<=30",4.5
2026-04-07,USPS Ground Advantage Retail.csv,fee,,,,Nonstandard Length fee > 30,10.0
2026-04-07,USPS Ground Advantage Retail.csv,fee,,,,Nonstandard Volume fee > 2 cu. ft.,21.0
2026-04-07,USPS Ground Advantage Retail.csv,fee,,,,Live Animal and Perishable Handling Fee,7.5
2026-04-07,USPS Ground Advantage Retail.csv,fee,,,,Nonstandard Characteristic fee,4.5
